NDB ID,PDB ID,Title,Citation,Pubmed ID,DOI,NDB Release Date
6ROS,6ROS,REP related 18-mer DNA,"REP related 18-mer DNA Kolenko, P., Svoboda, J., Schneider, B. To Be Published",,,2020-07-08
6ROU,6ROU,REP related 18-mer DNA,"REP related 18-mer DNA Kolenko, P., Svoboda, J., Schneider, B. To Be Published",,,2020-07-08
6ROR,6ROR,REP related 18-mer DNA,"REP related 18-mer DNA Kolenko, P., Svoboda, J., Schneider, B. To Be Published",,,2020-07-08
6YCS,6YCS,Human Transcription Cofactor PC4 DNA-binding domain in complex with full phosphorothioate 5-10-5 2'-O-methyl DNA gapmer antisense oligonucleotide.,"Human Transcription Cofactor PC4 DNA-binding domain in complex with full phosphorothioate 5-10-5 2'-O-methyl DNA gapmer antisense oligonucleotide. Hyjek-Skladanowska, M., Vickers, T.A., Napiorkowska, A., Anderson, B.A., Tanowitz, M., Crooke, S.T., Liang, X.H., Seth, P.P., Nowotny, M. J.Am.Chem.Soc. 142 7456-7468 (2020)",32202774,10.1021/jacs.9b13524,2020-04-29
6NJU,6NJU,Mouse endonuclease G mutant H97A bound to A-DNA,"Mouse endonuclease G mutant H97A bound to A-DNA Vander Zanden, C.M., Czarny, R.S., Ho, E.N., Robertson, A.B., Ho, P.S. Nucleic Acids Res. 48 3962-3974 (2020)",32095813,10.1093/nar/gkaa117,2020-01-08
6S7D,6S7D,Self-complementary duplex DNA containing an internucleoside phosphoroselenolate,"Self-complementary duplex DNA containing an internucleoside phosphoroselenolate Conlon, P.F., Eguaogie, O., Wilson, J.J., Sweet, J.S.T., Steinhoegl, J., Englert, K., Hancox, O.G.A., Law, C.J., Allman, S.A., Tucker, J.H.R., Hall, J.P., Vyle, J.S. Chem Sci 10 10948-10957 (2019)",32190252,10.1039/c9sc04098f,2019-11-06
6GN2,6GN2,Racemic crystal structure of A-DNA duplex formed from d(CCCGGG) in space group R3,"Racemic crystal structure of A-DNA duplex formed from d(CCCGGG) in space group R3 Mandal, P.K., Collie, G.W., Kauffmann, B., Huc, I. To Be Published",,,2019-09-11
6GN3,6GN3,Racemic crystal structure of A-DNA duplex formed from d(CCCGGG) in space group P21/n,"Racemic crystal structure of A-DNA duplex formed from d(CCCGGG) in space group P21/n Mandal, P.K., Collie, G.W., Kauffmann, B., Huc, I. To Be Published",,,2019-09-11
5ZAS,5ZAS,Crystal structure of 5-formylcytosine containing decamer dsDNA,"Crystal structure of 5-formylcytosine containing decamer dsDNA Fu, T., Liu, L., Yang, Q.L., Wang, Y., Xu, P., Zhang, L., Liu, S., Dai, Q., Ji, Q., Xu, G.L., He, C., Luo, C., Zhang, L. Chem Sci 10 7407-7417 (2019)",31489163,10.1039/c9sc02807b,2019-02-13
6DXJ,6DXJ,Crystal structure of double-stranded DNA GAGGCCTC; crystals grown in Zn2+,"Crystal structure of double-stranded DNA GAGGCCTC; crystals grown in Zn2+ Hou, C., Tsodikov, O.V. Acta Crystallogr.,Sect.D 75 (2019)",,,2019-01-23
6DY5,6DY5,Crystal structure of double-stranded DNA AGGGATCCCT in complex with Zn2+,"Crystal structure of double-stranded DNA AGGGATCCCT in complex with Zn2+ Hou, C., Tsodikov, O.V. Acta Crystallogr.,Sect.D 75 (2019)",,,2019-01-23
6DY9,6DY9,Crystal structure of double-stranded DNA GGGATCCC; crystals grown in Zn2+,"Crystal structure of double-stranded DNA GGGATCCC; crystals grown in Zn2+ Hou, C., Tsodikov, O.V. Acta Crystallogr.,Sect.D 75 (2019)",,,2019-01-23
6DWT,6DWT,"Crystal structure of double-stranded DNA GAGGCCTC, crystals grown in Mg2+","Crystal structure of double-stranded DNA GAGGCCTC, crystals grown in Mg2+ Hou, C., Tsodikov, O.V. Acta Crystallogr.,Sect.D 75 (2019)",,,2019-01-23
5XK1,5XK1,Structure of 8-mer DNA3,"Structure of 8-mer DNA3 Liu, H.H., Shen, F.S., Haruehanroengra, P., Yao, Q.Q., Cheng, Y.S., Chen, Y.Q., Yang, C., Zhang, J., Wu, B.X., Luo, Q., Cui, R.X., Li, J.X., Ma, J.B., Sheng, J., Gan, J.H. Angew. Chem. Int. Ed. Engl. 56 9430-9434 (2017)",28635152,10.1002/anie.201704891,2017-12-06
5XK0,5XK0,Structure of 8-mer DNA2,"Structure of 8-mer DNA2 Liu, H.H., Shen, F.S., Haruehanroengra, P., Yao, Q.Q., Cheng, Y.S., Chen, Y.Q., Yang, C., Zhang, J., Wu, B.X., Luo, Q., Cui, R.X., Li, J.X., Ma, J.B., Sheng, J., Gan, J.H. Angew. Chem. Int. Ed. Engl. 56 9430-9434 (2017)",28635152,10.1002/anie.201704891,2017-12-06
5U01,5U01,Cooperative DNA binding by two RelA dimers,"Cooperative DNA binding by two RelA dimers Mulero, M.C., Huang, D.B., Nguyen, H.T., Wang, V.Y., Li, Y., Biswas, T., Ghosh, G. J. Biol. Chem. 292 18821-18830 (2017)",28935669,10.1074/jbc.M117.813980,2017-09-27
5WV7,5WV7,Crystal structure of d(CCGGGGTACCCCGG)2 at 1.4A resolution,"Crystal structure of d(CCGGGGTACCCCGG)2 at 1.4A resolution Karthik, S., Thirugnanasambandam, A., Mandal, P.K., Gautham, N. Acta Crystallogr F Struct Biol Commun 73 259-265 (2017)",28471357,10.1107/S2053230X17004770,2017-05-24
5MVQ,5MVQ,"Crystal structure of an unmodified, self-complementary dodecamer.","Crystal structure of an unmodified, self-complementary dodecamer. Hardwick, J.S., Ptchelkine, D., El-Sagheer, A.H., Tear, I., Singleton, D., Phillips, S.E.V., Lane, A.N., Brown, T. Nat. Struct. Mol. Biol. 24 544-552 (2017)",28504696,10.1038/nsmb.3411,2017-05-10
5MVK,5MVK,Crystal structure of an unmodified A-DNA dodecamer containing 3 consecutive CpG steps,"Crystal structure of an unmodified A-DNA dodecamer containing 3 consecutive CpG steps Hardwick, J.S., Ptchelkine, D., El-Sagheer, A.H., Tear, I., Singleton, D., Phillips, S.E.V., Lane, A.N., Brown, T. Nat. Struct. Mol. Biol. 24 544-552 (2017)",28504696,10.1038/nsmb.3411,2017-05-10
5MVT,5MVT,Crystal structure of an A-DNA dodecamer featuring an alternating pyrimidine-purine sequence,"Crystal structure of an A-DNA dodecamer featuring an alternating pyrimidine-purine sequence Hardwick, J.S., Ptchelkine, D., El-Sagheer, A.H., Tear, I., Singleton, D., Phillips, S.E.V., Lane, A.N., Brown, T. Nat. Struct. Mol. Biol. 24 544-552 (2017)",28504696,10.1038/nsmb.3411,2017-05-10
5MVL,5MVL,Crystal structure of an A-DNA dodecamer containing 5-bromouracil,"Crystal structure of an A-DNA dodecamer containing 5-bromouracil Hardwick, J.S., Ptchelkine, D., El-Sagheer, A.H., Tear, I., Singleton, D., Phillips, S.E.V., Lane, A.N., Brown, T. Nat. Struct. Mol. Biol. 24 544-552 (2017)",28504696,10.1038/nsmb.3411,2017-05-10
5MVU,5MVU,Crystal structure of an A-DNA dodecamer containing 5-formylcytosine in 3 consecutive CpG steps,"Crystal structure of an A-DNA dodecamer containing 5-formylcytosine in 3 consecutive CpG steps Hardwick, J.S., Ptchelkine, D., El-Sagheer, A.H., Tear, I., Singleton, D., Phillips, S.E.V., Lane, A.N., Brown, T. Nat. Struct. Mol. Biol. 24 544-552 (2017)",28504696,10.1038/nsmb.3411,2017-05-10
5MVP,5MVP,Crystal structure of an A-DNA dodecamer containing the GGGCCC motif,"Crystal structure of an A-DNA dodecamer containing the GGGCCC motif Hardwick, J.S., Ptchelkine, D., El-Sagheer, A.H., Tear, I., Singleton, D., Phillips, S.E.V., Lane, A.N., Brown, T. Nat. Struct. Mol. Biol. 24 544-552 (2017)",28504696,10.1038/nsmb.3411,2017-05-10
5IYE,5IYE,Comparison of X-ray crystal structures of a tetradecamer sequence d(CCCGGGTACCCGGG)2 at 1.7 resolution,"Comparison of X-ray crystal structures of a tetradecamer sequence d(CCCGGGTACCCGGG)2 at 1.7 resolution Karthik, S., Thirugnanasambandam, A., Mandal, P.K., Gautham, N. Nucleosides Nucleotides Nucleic Acids 36 343-354 (2017)",28387634,10.1080/15257770.2017.1287378,2017-03-29
5IYG,5IYG,Comparison of X-ray crystal structures of a tetradecamer sequence d(CCCGGGTACCCGGG)2 at 1.7 resolution,"Comparison of X-ray crystal structures of a tetradecamer sequence d(CCCGGGTACCCGGG)2 at 1.7 resolution Karthik, S., Thirugnanasambandam, A., Mandal, P.K., Gautham, N. Nucleosides Nucleotides Nucleic Acids 36 343-354 (2017)",28387634,10.1080/15257770.2017.1287378,2017-03-29
5IYJ,5IYJ,Comparison of X-ray crystal structures of a tetradecamer sequence d(CCCGGGTACCCGGG)2 at 1.7 resolution,"Comparison of X-ray crystal structures of a tetradecamer sequence d(CCCGGGTACCCGGG)2 at 1.7 resolution Karthik, S., Thirugnanasambandam, A., Mandal, P.K., Gautham, N. Nucleosides Nucleotides Nucleic Acids 36 343-354 (2017)",28387634,10.1080/15257770.2017.1287378,2017-03-29
5WSS,5WSS,Crystal structure of T-Hg-T pair containing DNA duplex in the presence Ba2+,"Crystal structure of T-Hg-T pair containing DNA duplex in the presence Ba2+ Liu, H.H., Cai, C., Haruehanroengra, P., Yao, Q.Q., Chen, Y.Q., Yang, C., Luo, Q., Wu, B.X., Li, J.X., Ma, J.B., Sheng, J., Gan, J.H. Nucleic Acids Res. 45 2910-2918 (2017)",27998930,10.1093/nar/gkw1296,2017-02-08
5WSP,5WSP,Crystal structure of DNA3 duplex,"Crystal structure of DNA3 duplex Liu, H.H., Cai, C., Haruehanroengra, P., Yao, Q.Q., Chen, Y.Q., Yang, C., Luo, Q., Wu, B.X., Li, J.X., Ma, J.B., Sheng, J., Gan, J.H. Nucleic Acids Res. 45 2910-2918 (2017)",27998930,10.1093/nar/gkw1296,2017-02-08
5JVW,5JVW,Crystal structure of mithramycin analogue MTM SA-Trp in complex with a 10-mer DNA AGAGGCCTCT.,"Crystal structure of mithramycin analogue MTM SA-Trp in complex with a 10-mer DNA AGAGGCCTCT. Hou, C., Weidenbach, S., Cano, K.E., Wang, Z., Mitra, P., Ivanov, D.N., Rohr, J., Tsodikov, O.V. Nucleic Acids Res. 44 8990-9004 (2016)",27587584,10.1093/nar/gkw761,2016-09-14
5JW0,5JW0,Crystal structure of mithramycin analogue MTM SA-Phe in complex with a 10-mer DNA AGGGTACCCT,"Crystal structure of mithramycin analogue MTM SA-Phe in complex with a 10-mer DNA AGGGTACCCT Hou, C., Weidenbach, S., Cano, K.E., Wang, Z., Mitra, P., Ivanov, D.N., Rohr, J., Tsodikov, O.V. Nucleic Acids Res. 44 8990-9004 (2016)",27587584,10.1093/nar/gkw761,2016-09-14
5JW2,5JW2,Crystal structure of mithramycin analogue MTM SA-Phe in complex with a 10-mer DNA AGGGATCCCT,"Crystal structure of mithramycin analogue MTM SA-Phe in complex with a 10-mer DNA AGGGATCCCT Hou, C., Weidenbach, S., Cano, K.E., Wang, Z., Mitra, P., Ivanov, D.N., Rohr, J., Tsodikov, O.V. Nucleic Acids Res. 44 8990-9004 (2016)",27587584,10.1093/nar/gkw761,2016-09-14
5AXF,5AXF,Crystal Structure Analysis of DNA Duplexes containing sulfoamide-bridged nucleic acid (SuNA-NMe),"Crystal Structure Analysis of DNA Duplexes containing sulfoamide-bridged nucleic acid (SuNA-NMe) Mitsuoka, Y., Aoyama, H., Kugimiya, A., Fujimura, Y., Yamamoto, T., Waki, R., Wada, F., Tahara, S., Sawamura, M., Noda, M., Hari, Y., Obika, S. Org.Biomol.Chem. 14 6531-6538 (2016)",27296230,10.1039/c6ob01051b,2016-07-20
5AXE,5AXE,Crystal Structure Analysis of DNA Duplexes containing sulfoamide-bridged nucleic acid (SuNA-NH),"Crystal Structure Analysis of DNA Duplexes containing sulfoamide-bridged nucleic acid (SuNA-NH) Mitsuoka, Y., Aoyama, H., Kugimiya, A., Fujimura, Y., Yamamoto, T., Waki, R., Wada, F., Tahara, S., Sawamura, M., Noda, M., Hari, Y., Obika, S. Org.Biomol.Chem. 14 6531-6538 (2016)",27296230,10.1039/c6ob01051b,2016-07-20
5B81,5B81,"Solution NMR structure of a 16-mer DNA duplex containing quadruple GC mismatches showing staggered base pairing, and consequent rescue of canonical double helical characteristics","Solution NMR structure of a 16-mer DNA duplex containing quadruple GC mismatches showing staggered base pairing, and consequent rescue of canonical double helical characteristics De, M., Chatterjee, S. To Be Published",,,2016-06-29
5FHL,5FHL,Extensive amphimorphism in DNA: Three stable conformations for the decadeoxynucleotide d(GCATGCATGC),"Extensive amphimorphism in DNA: Three stable conformations for the decadeoxynucleotide d(GCATGCATGC) Thirugnanasambandam, A., Karthik, S., Artheswari, G., Gautham, N. Acta Crystallogr D Struct Biol 72 780-788 (2016)",27303798,10.1107/S2059798316006306,2016-06-29
5J37,5J37,Crystal structure of 60-mer BFDV Capsid Protein in complex with single stranded DNA,"Crystal structure of 60-mer BFDV Capsid Protein in complex with single stranded DNA Sarker, S., Terron, M.C., Khandokar, Y., Aragao, D., Hardy, J.M., Radjainia, M., Jimenez-Zaragoza, M., de Pablo, P.J., Coulibaly, F., Luque, D., Raidal, S.R., Forwood, J.K. Nat Commun 7 13014-13014 (2016)",27698405,10.1038/ncomms13014,2016-05-04
4YS5,4YS5,DNA sequence containing 2'-Se-dC modification,"DNA sequence containing 2'-Se-dC modification Kong, C., Zhang, W., Salon, J., Huang, Z. To Be Published",,,2016-02-24
NA3179,4RE7,Lambda-[Ru(TAP)2(dppz)]2+ bound to d(TCIGCGCCGA),"Lambda-[Ru(TAP)2(dppz)]2+ bound to d(TCIGCGCCGA) Hall, J.P., Gurung, S.P., Beer, H., Buchner, K., Cardin, D.J., Brazier, J.A., Cardin, C.J. To be Published",,,2015-09-30
5D3G,5D3G,Structure of HIV-1 Reverse Transcriptase Bound to a Novel 38-mer Hairpin Template-Primer DNA Aptamer,"Structure of HIV-1 Reverse Transcriptase Bound to a Novel 38-mer Hairpin Template-Primer DNA Aptamer Miller, M.T., Tuske, S., Das, K., DeStefano, J.J., Arnold, E. Protein Sci. 25 46-55 (2016)",26296781,10.1002/pro.2776,2015-09-30
NA3224,4RHD,DNA Duplex with Novel ZP Base Pair,"DNA Duplex with Novel ZP Base Pair Zhang, L., Yang, Z., Sefah, K., Bradley, K.M., Hoshika, S., Kim, M.J., Kim, H.J., Zhu, G., Jimenez, E., Cansiz, S., Teng, I.T., Champanhac, C., McLendon, C., Liu, C., Zhang, W., Gerloff, D.L., Huang, Z., Tan, W., Benner, S.A. J.Am.Chem.Soc. 137 6734-6737 (2015)",25966323,10.1021/jacs.5b02251,2015-07-08
4Z3C,4Z3C,Zinc finger region of human TET3 in complex with CpG DNA,"Zinc finger region of human TET3 in complex with CpG DNA Xu, C., Liu, K., Lei, M., Yang, A., Li, Y., Hughes, T.R., Min, J. Structure  (2017)",29276034,10.1016/j.str.2017.11.022,2015-04-29
4X0P,4X0P,Ternary complex of human DNA polymerase theta C-terminal domain binding ddATP opposite a tetrahydrofuran AP site analog,"Ternary complex of human DNA polymerase theta C-terminal domain binding ddATP opposite a tetrahydrofuran AP site analog Zahn, K.E., Averill, A.M., Aller, P., Wood, R.D., Doublie, S. Nat.Struct.Mol.Biol. 22 304-311 (2015)",25775267,10.1038/nsmb.2993,2015-03-18
NA3051,4QKK,Crystal structure of an oligonucleotide containing 5-formylcytosine,"Crystal structure of an oligonucleotide containing 5-formylcytosine Raiber, E.A., Murat, P., Chirgadze, D.Y., Beraldi, D., Luisi, B.F., Balasubramanian, S. Nat.Struct.Mol.Biol. 22 44-49 (2015)",25504322,10.1038/nsmb.2936,2014-12-10
NA2735,4MS5,"Lambda-[Ru(TAP)2(dppz-11,12-(F)2)]2+ bound to CCGGATCCGG","Lambda-[Ru(TAP)2(dppz-11,12-(F)2)]2+ bound to CCGGATCCGG Hall, J.P. Thesis, University of Reading  (2014)",,,2014-10-08
NA2897,4OKL,Crystal Structure of d(CCCCGGTACCGGGG)2 at 1.65 Angstrom,"Crystal Structure of d(CCCCGGTACCGGGG)2 at 1.65 Angstrom Purushothaman, M., Varghese, A., Mandal, P.K., Gautham, N. Acta Crystallogr F Struct Biol Commun 70 860-865 (2014)",25005078,10.1107/S2053230X1401084X,2014-02-19
NA2228,4IZQ,GGGCATGCCC in the A-DNA Form,"GGGCATGCCC in the A-DNA Form Hall, J.P., Ruiz-Morte, S., Murray, C.A., Cardin, C.J. To be Published",,,2014-02-05
NA2834,4NNU,Distinct structural features of TFAM drive mitochondrial DNA packaging versus transcriptional activation,"Distinct structural features of TFAM drive mitochondrial DNA packaging versus transcriptional activation Ngo, H.B., Lovely, G.A., Phillips, R., Chan, D.C. Nat Commun 5 3077-3077 (2014)",24435062,10.1038/ncomms4077,2014-01-22
NA2099,4HQH,Decamer Fluoro Carbocyclic LNA (R-F-cLNA) crystal structure,"Decamer Fluoro Carbocyclic LNA (R-F-cLNA) crystal structure Seth, P.P., Pallan, P.S., Swayze, E.E., Egli, M. To be Published",,,2013-11-20
NA1696,4E95,Lambda-[Ru(TAP)2(dppz-(Me)2)]2+ bound to CCGGATCCGG,"Lambda-[Ru(TAP)2(dppz-(Me)2)]2+ bound to CCGGATCCGG Hall, J.P. Thesis, University of Reading  (2014)",,,2013-03-20
NA1771,4F5R,Open and closed ternary complex of R283K DNA polymerase beta with a dCTP analog in the same asymmetric unit,"Open and closed ternary complex of R283K DNA polymerase beta with a dCTP analog in the same asymmetric unit Freudenthal, B.D., Beard, W.A., Wilson, S.H. Structure 20 1829-1837 (2012)",22959623,10.1016/j.str.2012.08.008,2012-12-12
NA2127,4I1G,dna octamer d(GTseGTACAC) partially crosslinked with two platinums,"dna octamer d(GTseGTACAC) partially crosslinked with two platinums Zhang, W., Coronado, G., Huang, Z. TO BE PUBLISHED",,,2012-12-05
NA1893,4FS2,"Base pairing mechanism of N2,3-ethenoguanine with dCTP by human polymerase iota","Base pairing mechanism of N2,3-ethenoguanine with dCTP by human polymerase iota Zhao, L., Pence, M.G., Christov, P.P., Wawrzak, Z., Choi, J.Y., Rizzo, C.J., Egli, M., Guengerich, F.P. J.Biol.Chem. 287 35516-35526 (2012)",22910910,10.1074/jbc.M112.403253,2012-08-29
NA1167,3SD8,Crystal structure of Ara-FHNA decamer DNA,"Crystal structure of Ara-FHNA decamer DNA Egli, M., Pallan, P.S., Allerson, C.R., Prakash, T.P., Berdeja, A., Yu, J., Bhat, B., Swayze, E.E., Seth, P. To be Published",,,2012-08-29
NA1892,4FS1,"Base pairing mechanism of N2,3-ethenoguanine with dTTP by human polymerase iota","Base pairing mechanism of N2,3-ethenoguanine with dTTP by human polymerase iota Zhao, L., Pence, M.G., Christov, P.P., Wawrzak, Z., Choi, J.Y., Rizzo, C.J., Egli, M., Guengerich, F.P. J.Biol.Chem. 287 35516-35526 (2012)",22910910,10.1074/jbc.M112.403253,2012-08-29
NA1914,4FM9,Human topoisomerase II alpha bound to DNA,"Human topoisomerase II alpha bound to DNA Wendorff, T.J., Schmidt, B.H., Heslop, P., Austin, C.A., Berger, J.M. J.Mol.Biol. 424 109-124 (2012)",22841979,10.1016/j.jmb.2012.07.014,2012-08-08
NA1789,4F8G,Three-dimensional DNA lattices with non-canonical base pairs,"Three-dimensional DNA lattices with non-canonical base pairs Muser, S.E., Paukstelis, P.J. J.Am.Chem.Soc. 134 12557-12564 (2012)",22768973,10.1021/ja3025033,2012-07-25
NA1790,4F8I,Three-dimensional DNA lattices with non-canonical base pairs,"Three-dimensional DNA lattices with non-canonical base pairs Muser, S.E., Paukstelis, P.J. J.Am.Chem.Soc. 134 12557-12564 (2012)",22768973,10.1021/ja3025033,2012-07-25
NA1692,4E7Y,Lambda-[Ru(phen)2(dppz)]2+ Bound to CCGGATCCGG,"Lambda-[Ru(phen)2(dppz)]2+ Bound to CCGGATCCGG Niyazi, H., Hall, J.P., O'Sullivan, K., Winter, G., Sorensen, T., Kelly, J.M., Cardin, C.J. Nat Chem 4 621-628 (2012)",22824893,10.1038/nchem.1397,2012-07-04
NA1517,3UKB,(R)-cEt-BNA decamer structure,"(R)-cEt-BNA decamer structure Pallan, P.S., Allerson, C.R., Berdeja, A., Seth, P.P., Swayze, E.E., Prakash, T.P., Egli, M. Chem.Commun.(Camb.) 48 8195-8197 (2012)",22614180,10.1039/c2cc32286b,2012-06-20
NA1518,3UKC,(S)-cEt-BNA decamer structure,"(S)-cEt-BNA decamer structure Pallan, P.S., Allerson, C.R., Berdeja, A., Seth, P.P., Swayze, E.E., Prakash, T.P., Egli, M. Chem.Commun.(Camb.) 48 8195-8197 (2012)",22614180,10.1039/c2cc32286b,2012-06-20
NA1519,3UKE,(S)-cMOE-BNA decamer structure,"(S)-cMOE-BNA decamer structure Pallan, P.S., Allerson, C.R., Berdeja, A., Seth, P.P., Swayze, E.E., Prakash, T.P., Egli, M. Chem.Commun.(Camb.) 48 8195-8197 (2012)",22614180,10.1039/c2cc32286b,2012-06-20
NA1772,4F4N,Crystal structure of 2-se-thymidine derivatized dna 8mer,"Crystal structure of 2-se-thymidine derivatized dna 8mer Zhang, W., Sheng, J., Huang, Z. TO BE PUBLISHED",,,2012-06-13
NA1781,4F2Y,Structure of 3'-Fluoro Cyclohexenyl Nucleic Acid Decamer,"Structure of 3'-Fluoro Cyclohexenyl Nucleic Acid Decamer Seth, P.P., Yu, J., Jazayeri, A., Pallan, P.S., Allerson, C.R., Ostergaard, M.E., Liu, F., Herdewijn, P., Egli, M., Swayze, E.E. J.Org.Chem. 77 5074-5085 (2012)",22591005,10.1021/jo300594b,2012-05-30
NA1531,3V9D,Crystal structure of the tetra-decanucleotide d(CCCCGGTACCGGGG)2 as an A-DNA duplex,"Crystal structure of the tetra-decanucleotide d(CCCCGGTACCGGGG)2 as an A-DNA duplex Mandal, P.K., Venkadesh, S., Gautham, N. Acta Crystallogr.,Sect.F 68 393-399 (2012)",22505405,10.1107/S174430911200869X,2012-04-18
NA1503,3V07,Crystal structure of R-6'-Me-3'-fluoro hexitol nucleic acid,"Crystal structure of R-6'-Me-3'-fluoro hexitol nucleic acid Pallan, P.S., Yu, J., Allerson, C.R., Swayze, E.E., Seth, P., Egli, M. Biochemistry 51 7-9 (2012)",22229409,10.1021/bi201810r,2012-02-08
NA1502,3V06,Crystal structure of S-6'-Me-3'-fluoro hexitol nucleic acid,"Crystal structure of S-6'-Me-3'-fluoro hexitol nucleic acid Pallan, P.S., Yu, J., Allerson, C.R., Swayze, E.E., Seth, P., Egli, M. Biochemistry 51 7-9 (2012)",22229409,10.1021/bi201810r,2012-02-08
NA0887,3Q61,3'-Fluoro Hexitol Nucleic Acid DNA Structure,"3'-Fluoro Hexitol Nucleic Acid DNA Structure Egli, M., Pallan, P.S., Allerson, C.R., Prakash, T.P., Berdeja, A., Yu, J., Lee, S., Watt, A., Gaus, H., Bhat, B., Swayze, E.E., Seth, P.P. J.Am.Chem.Soc. 133 16642-16649 (2011)",21919455,10.1021/ja207086x,2012-01-18
NA0871,3PV8,Crystal Structure of Bacillus DNA Polymerase I Large Fragment Bound to DNA and ddTTP-dA in Closed Conformation,"Crystal Structure of Bacillus DNA Polymerase I Large Fragment Bound to DNA and ddTTP-dA in Closed Conformation Wang, W., Hellinga, H.W., Beese, L.S. Proc.Natl.Acad.Sci.USA 108 17644-17648 (2011)",22006298,10.1073/pnas.1114496108,2011-10-19
NA0872,3PX0,Crystal Structure of Bacillus DNA Polymerase I Large Fragment Bound to DNA and dCTP-dA Mismatch (tautomer) in Closed Conformation,"Crystal Structure of Bacillus DNA Polymerase I Large Fragment Bound to DNA and dCTP-dA Mismatch (tautomer) in Closed Conformation Wang, W., Hellinga, H.W., Beese, L.S. Proc.Natl.Acad.Sci.USA 108 17644-17648 (2011)",22006298,10.1073/pnas.1114496108,2011-10-19
NA0873,3PX4,Crystal Structure of Bacillus DNA Polymerase I Large Fragment Bound to DNA and ddCTP-dA Mismatch (wobble) in Ajar Conformation,"Crystal Structure of Bacillus DNA Polymerase I Large Fragment Bound to DNA and ddCTP-dA Mismatch (wobble) in Ajar Conformation Wang, W., Hellinga, H.W., Beese, L.S. Proc.Natl.Acad.Sci.USA 108 17644-17648 (2011)",22006298,10.1073/pnas.1114496108,2011-10-19
NA0874,3PX6,Crystal Structure of Bacillus DNA Polymerase I Large Fragment Bound to DNA and ddCTP-dA Mismatch (tautomer) in Closed Conformation,"Crystal Structure of Bacillus DNA Polymerase I Large Fragment Bound to DNA and ddCTP-dA Mismatch (tautomer) in Closed Conformation Wang, W., Hellinga, H.W., Beese, L.S. Proc.Natl.Acad.Sci.USA 108 17644-17648 (2011)",22006298,10.1073/pnas.1114496108,2011-10-19
ADH016,1VT7,Structures of the mismatched duplex D(GGGTGCCC),"Structures of the mismatched duplex D(GGGTGCCC) Rabinovich, D., Haran, T., Eisenstein, M., Shakked, Z. J.Mol.Biol. 200 151-161 (1988)",3379638,,2011-07-13
ADH034,1VTB,THE HEXAGONAL CRYSTAL STRUCTURE OF THE A-DNA OCTAMER D(GTGTACAC) AND ITS COMPARISON WITH THE TETRAGONAL STRUCTURE CORRELATED VARIATIONS IN HELICAL PARAMETERS,"THE HEXAGONAL CRYSTAL STRUCTURE OF THE A-DNA OCTAMER D(GTGTACAC) AND ITS COMPARISON WITH THE TETRAGONAL STRUCTURE CORRELATED VARIATIONS IN HELICAL PARAMETERS Jain, S.C., Zon, G., Sundaralingam, M. Biochemistry 30 3567-3576 (1991)",,,2011-07-13
ADH029,1VT8,Crystal structure of D(GGGCGCCC)-hexagonal form,"Crystal structure of D(GGGCGCCC)-hexagonal form Shakked, Z., Guerstein-Guzikevich, G., Eisenstein, M., Frolow, F., Rabinovich, D. Nature 342 456-460 (1989)",2586615,10.1038/342456a0,2011-07-13
ADH098,1VTC,MOLECULAR STRUCTURE OF THE OCTAMER D(G-G-C-C-G-G-C-C) MODIFIED A-DNA,"MOLECULAR STRUCTURE OF THE OCTAMER D(G-G-C-C-G-G-C-C) MODIFIED A-DNA Wang, A.H.-J., Fujii, S., Van Boom, J.H., Rich, A. Proc.Natl.Acad.Sci.USA 79 3968-3972 (1982)",,,2011-07-13
ADH012,1VT5,THE CRYSTAL STRUCTURE OF D(CCCCGGGG): A NEW A-FORM VARIANT WITH AN EXTENDED BACKBONE CONFORMATION,"THE CRYSTAL STRUCTURE OF D(CCCCGGGG): A NEW A-FORM VARIANT WITH AN EXTENDED BACKBONE CONFORMATION Haran, T.E., Shakked, Z., Wang, A.H., Rich, A. J.Biomol.Struct.Dyn. 5 199-217 (1987)",3271472,,2011-07-13
ADH030,1VT9,The structure and hydration of the A-DNA fragment D(GGGTACCC) at room temperature and low temperature,"The structure and hydration of the A-DNA fragment D(GGGTACCC) at room temperature and low temperature Eisenstein, M., Frolow, F., Shakked, Z., Rabinovich, D. Nucleic Acids Res. 18 3185-3194 (1990)",2356117,,2011-07-13
ADH013,1VT6,Molecular structure of the octamer D(G-G-C-C-G-G-C-C) modified A-DNA,"Molecular structure of the octamer D(G-G-C-C-G-G-C-C) modified A-DNA Wang, A.H., Fujii, S., van Boom, J.H., Rich, A. Proc.Natl.Acad.Sci.USA 79 3968-3972 (1982)",6955784,,2011-07-13
ADH031,1VTA,THE STRUCTURE AND HYDRATION OF THE A-DNA FRAGMENT D(GGGTACCC) AT ROOM TEMPERATURE AND LOW TEMPERATURE,"THE STRUCTURE AND HYDRATION OF THE A-DNA FRAGMENT D(GGGTACCC) AT ROOM TEMPERATURE AND LOW TEMPERATURE Eisenstein, M., Frolow, F., Shakked, Z., Rabinovich, D. Nucleic Acids Res. 18 3185-3194 (1990)",2356117,,2011-07-13
NA0853,3PO4,Structure of a mutant of the large fragment of DNA polymerase I from Thermus aquaticus in complex with a blunt-ended DNA and ddATP,"Structure of a mutant of the large fragment of DNA polymerase I from Thermus aquaticus in complex with a blunt-ended DNA and ddATP Obeid, S., Schnur, A., Gloeckner, C., Blatter, N., Welte, W., Diederichs, K., Marx, A. Chembiochem 12 1574-1580 (2011)",21480455,10.1002/cbic.201000783,2011-06-15
NA0854,3PO5,Structure of a mutant of the large fragment of DNA polymerase I from Thermus Auqaticus in complex with an abasic site and ddATP,"Structure of a mutant of the large fragment of DNA polymerase I from Thermus Auqaticus in complex with an abasic site and ddATP Obeid, S., Schnur, A., Gloeckner, C., Blatter, N., Welte, W., Diederichs, K., Marx, A. Chembiochem 12 1574-1580 (2011)",21480455,10.1002/cbic.201000783,2011-06-15
NA0937,3QK4,Crystal structure of d(CGCGGGTACCCGCG)2 as A-DNA duplex,"Crystal structure of d(CGCGGGTACCCGCG)2 as A-DNA duplex Venkadesh, S., Mandal, P.K., Gautham, N. Biochem.Biophys.Res.Commun. 407 307-312 (2011)",21397589,10.1016/j.bbrc.2011.03.007,2011-03-02
NA0809,3OZ5,S-Methyl Carbocyclic LNA,"S-Methyl Carbocyclic LNA Seth, P.P., Allerson, C.R., Berdeja, A., Siwkowski, A., Pallan, P.S., Gaus, H., Prakash, T.P., Watt, A.T., Egli, M., Swayze, E.E. J.Am.Chem.Soc. 132 14942-14950 (2010)",20886816,10.1021/ja105875e,2010-11-24
NA0807,3OZ3,Vinyl Carbocyclic LNA,"Vinyl Carbocyclic LNA Seth, P.P., Allerson, C.R., Berdeja, A., Siwkowski, A., Pallan, P.S., Gaus, H., Prakash, T.P., Watt, A.T., Egli, M., Swayze, E.E. J.Am.Chem.Soc. 132 14942-14950 (2010)",20886816,10.1021/ja105875e,2010-11-24
NA0808,3OZ4,R-Methyl Carbocyclic LNA,"R-Methyl Carbocyclic LNA Seth, P.P., Allerson, C.R., Berdeja, A., Siwkowski, A., Pallan, P.S., Gaus, H., Prakash, T.P., Watt, A.T., Egli, M., Swayze, E.E. J.Am.Chem.Soc. 132 14942-14950 (2010)",20886816,10.1021/ja105875e,2010-11-24
NA0368,3KQ8,5-Te-uridine derivatized DNA-8mer,"5-Te-uridine derivatized DNA-8mer Sheng, J., Hassan, A.E.A., Zhang, W., Huang, Z. To be Published",,,2010-11-17
NA0728,3OR3,Restriction endonuclease HPY188I in complex with product DNA,"Restriction endonuclease HPY188I in complex with product DNA Sokolowska, M., Czapinska, H., Bochtler, M. Nucleic Acids Res. 39 1554-1564 (2011)",20935048,10.1093/nar/gkq821,2010-10-20
NA0742,3OSN,Structural Basis for Proficient Incorporation of dTTP Opposite O6-Methylguanine by Human DNA Polymerase Iota,"Structural Basis for Proficient Incorporation of dTTP Opposite O6-Methylguanine by Human DNA Polymerase Iota Pence, M.G., Choi, J.Y., Egli, M., Guengerich, F.P. J.Biol.Chem. 285 40666-40672 (2010)",20961860,10.1074/jbc.M110.183665,2010-10-20
NA0605,3NGD,Structural Basis for Proficient Incorporation of dTTP Opposite O6-methylguanine by Human DNA Polymerase Iota,"Structural Basis for Proficient Incorporation of dTTP Opposite O6-methylguanine by Human DNA Polymerase Iota Pence, M.G., Choi, J.Y., Egli, M., Guengerich, F.P. J.Biol.Chem. 285 40666-40672 (2010)",20961860,10.1074/jbc.M110.183665,2010-10-20
NA0727,3OQG,Restriction endonuclease HPY188I in complex with substrate DNA,"Restriction endonuclease HPY188I in complex with substrate DNA Sokolowska, M., Czapinska, H., Bochtler, M. Nucleic Acids Res. 39 1554-1564 (2011)",20935048,10.1093/nar/gkq821,2010-10-20
NA0802,2XO6,DEINOCOCCUS RADIODURANS ISDRA2 TRANSPOSASE Y132F MUTANT COMPLEXED WITH LEFT END RECOGNITION AND CLEAVAGE SITE,"DEINOCOCCUS RADIODURANS ISDRA2 TRANSPOSASE Y132F MUTANT COMPLEXED WITH LEFT END RECOGNITION AND CLEAVAGE SITE Hickman, A.B., James, J.A., Barabas, O., Pasternak, C., Ton-Hoang, B., Chandler, M., Sommer, S., Dyda, F. Embo J. 29 (2010)",20890269,10.1038/EMBOJ.2010.241,2010-10-13
NA0803,2XQC,DEINOCOCCUS RADIODURANS ISDRA2 TRANSPOSASE COMPLEXED WITH LEFT END RECOGNITION AND CLEAVAGE SITE AND ZN,"DEINOCOCCUS RADIODURANS ISDRA2 TRANSPOSASE COMPLEXED WITH LEFT END RECOGNITION AND CLEAVAGE SITE AND ZN Hickman, A.B., James, J.A., Barabas, O., Pasternak, C., Ton-Hoang, B., Chandler, M., Sommer, S., Dyda, F. Embo J. 29 (2010)",20890269,10.1038/EMBOJ.2010.241,2010-10-13
NA0801,2XMA,DEINOCOCCUS RADIODURANS ISDRA2 TRANSPOSASE RIGHT END DNA COMPLEX,"DEINOCOCCUS RADIODURANS ISDRA2 TRANSPOSASE RIGHT END DNA COMPLEX Hickman, A.B., James, J.A., Barabas, O., Pasternak, C., Ton-Hoang, B., Chandler, M., Sommer, S., Dyda, F. Embo J. 29 (2010)",20890269,10.1038/EMBOJ.2010.241,2010-10-13
NA0216,3K18,Tellurium modified DNA-8mer,"Tellurium modified DNA-8mer Sheng, J., Hassan, A.E.A., Zhang, W., Huang, Z. To be Published",,,2010-10-06
NA0121,3IMB,Alternative binding mode of restriction endonuclease BcnI to cognate DNA,"Alternative binding mode of restriction endonuclease BcnI to cognate DNA Sokolowska, M., Kaus-Drobek, M., Czapinska, H., Tamulaitis, G., Szczepanowski, R.H., Siksnys, V., Bochtler, M. To be Published",,,2010-08-11
NA0645,2XCS,The 2.1A crystal structure of S. aureus Gyrase complex with GSK299423 and DNA,"The 2.1A crystal structure of S. aureus Gyrase complex with GSK299423 and DNA Bax, B.D., Chan, P.F., Eggleston, D.S., Fosberry, A., Gentry, D.R., Gorrec, F., Giordano, I., Hann, M.M., Hennessy, A., Hibbs, M., Huang, J., Jones, E., Jones, J., Brown, K.K., Lewis, C.J., May, E.W., Saunders, M.R., Singh, O., Spitzfaden, C., Shen, C., Shillings, A., Theobald, A.F., Wohlkonig, A., Pearson, N.D., Gwynn, M.N. Nature 466 (2010)",20686482,10.1038/NATURE09197,2010-08-04
NA0480,3M8S,Crystal structure of the large fragment of DNA polymerase I from Thermus aquaticus in a closed ternary complex with trapped 4'-methylated dTTP,"Crystal structure of the large fragment of DNA polymerase I from Thermus aquaticus in a closed ternary complex with trapped 4'-methylated dTTP Betz, K., Streckenbach, F., Schnur, A., Exner, T., Welte, W., Diederichs, K., Marx, A. Angew.Chem.Int.Ed.Engl. 49 5181-5184 (2010)",20572212,10.1002/anie.200905724,2010-07-07
NA0479,3M8R,Crystal structure of the large fragment of DNA polymerase I from Thermus aquaticus in a closed ternary complex with trapped 4'-ethylated dTTP,"Crystal structure of the large fragment of DNA polymerase I from Thermus aquaticus in a closed ternary complex with trapped 4'-ethylated dTTP Betz, K., Streckenbach, F., Schnur, A., Exner, T., Welte, W., Diederichs, K., Marx, A. Angew.Chem.Int.Ed.Engl. 49 5181-5184 (2010)",20572212,10.1002/anie.200905724,2010-07-07
NA0374,3KJV,HIV-1 reverse transcriptase in complex with DNA,"HIV-1 reverse transcriptase in complex with DNA Lansdon, E.B., Samuel, D., Lagpacan, L., Brendza, K.M., White, K.L., Hung, M., Liu, X., Boojamra, C.G., Mackman, R.L., Cihlar, T., Ray, A.S., McGrath, M.E., Swaminathan, S. J.Mol.Biol. 397 967-978 (2010)",20156454,10.1016/j.jmb.2010.02.019,2010-03-23
NA0114,3IKI,5-SMe-dU containing DNA octamer,"5-SMe-dU containing DNA octamer Sheng, J., Zhang, W., Hassan, A.E., Gan, J., Soares, A.S., Geng, S., Ren, Y., Huang, Z. Nucleic Acids Res. 40 8111-8118 (2012)",22641848,10.1093/nar/gks426,2010-03-09
NA0451,3LTR,5-OMe-dU containing DNA 8mer,"5-OMe-dU containing DNA 8mer Sheng, J., Zhang, W., Hassan, A.E., Gan, J., Soares, A.S., Geng, S., Ren, Y., Huang, Z. Nucleic Acids Res. 40 8111-8118 (2012)",22641848,10.1093/nar/gks426,2010-03-09
NA0452,3LTU,5-SeMe-dU containing DNA 8mer,"5-SeMe-dU containing DNA 8mer Sheng, J., Zhang, W., Hassan, A.E., Gan, J., Soares, A.S., Geng, S., Ren, Y., Huang, Z. Nucleic Acids Res. 40 8111-8118 (2012)",22641848,10.1093/nar/gks426,2010-03-09
NA0041,3HR3,"Interplay of Structure, Hydration and Thermal Stability in Formacetal Modified Oligonucleotides: RNA May Tolerate Hydrophobic Modifications Better than DNA","Interplay of Structure, Hydration and Thermal Stability in Formacetal Modified Oligonucleotides: RNA May Tolerate Hydrophobic Modifications Better than DNA Kolarovic, A., Schweizer, E., Greene, E., Gironda, M., Pallan, P.S., Egli, M., Rozners, E. J.Am.Chem.Soc. 131 14932-14937 (2009)",19824732,10.1021/ja904926e,2009-10-27
NA0115,3IJK,5-OMe modified DNA 8mer,"5-OMe modified DNA 8mer Sheng, J., Zhang, W., Hassan, A.E.A., Gan, J., Huang, Z. TO BE PUBLISHED",,,2009-10-06
NA0116,3IJN,5-SeMe-Cytidine modified DNA 8mer,"5-SeMe-Cytidine modified DNA 8mer Sheng, J., Zhang, W., Hassan, A.E.A., Gan, J., Huang, Z. TO BE PUBLISHED",,,2009-10-06
NA0003,3HGD,Crystal Structure of 2-Se-Thymidine Derivatized DNA,"Crystal Structure of 2-Se-Thymidine Derivatized DNA Hassan, A.E., Sheng, J., Zhang, W., Huang, Z. J.Am.Chem.Soc. 132 2120-2121 (2010)",20108896,10.1021/ja909330m,2009-08-18
NA0096,3IFI,2'-SeMe-dG modified octamer DNA,"2'-SeMe-dG modified octamer DNA Salon, J., Sheng, J., Gan, J., Huang, Z. J.Org.Chem. 75 637-641 (2010)",20047333,10.1021/jo902190c,2009-08-11
NA0095,3IFF,2'-SeMe-A modified DNA decamer,"2'-SeMe-A modified DNA decamer Sheng, J., Gan, J., Salon, J., Huang, Z. To be Published",,,2009-08-11
NA0001,3HG8,Crystal Structure of 5-SMe Derivatized DNA,"Crystal Structure of 5-SMe Derivatized DNA Sheng, J., Hassan, A.E.A., Zhang, W., Huang, Z. To be Published",,,2009-07-21
PD1281,3GV7,Human DNA polymerase iota in complex with T template DNA and incoming dTTP,"Human DNA polymerase iota in complex with T template DNA and incoming dTTP Kirouac, K.N., Ling, H. Embo J. 28 1644-1654 (2009)",19440206,10.1038/emboj.2009.122,2009-06-02
PD1282,3GV8,Human DNA polymerase iota in complex with T template DNA and incoming dGTP,"Human DNA polymerase iota in complex with T template DNA and incoming dGTP Kirouac, K.N., Ling, H. Embo J. 28 1644-1654 (2009)",19440206,10.1038/emboj.2009.122,2009-06-02
PD1249,3G6Y,Ternary complex of DNA Polymerase iota:DNA:dTTP with an abasic site at the templating position,"Ternary complex of DNA Polymerase iota:DNA:dTTP with an abasic site at the templating position Nair, D.T., Johnson, R.E., Prakash, L., Prakash, S., Aggarwal, A.K. Structure 17 530-537 (2009)",19368886,10.1016/j.str.2009.02.015,2009-05-12
PD1247,3G6V,DNA synthesis across an abasic lesion by human DNA polymerase-iota,"DNA synthesis across an abasic lesion by human DNA polymerase-iota Nair, D.T., Johnson, R.E., Prakash, L., Prakash, S., Aggarwal, A.K. Structure 17 530-537 (2009)",19368886,10.1016/j.str.2009.02.015,2009-05-12
PD1248,3G6X,Ternary complex of DNA Polymerase iota:DNA:dGTP with an abasic site at the templating position,"Ternary complex of DNA Polymerase iota:DNA:dGTP with an abasic site at the templating position Nair, D.T., Johnson, R.E., Prakash, L., Prakash, S., Aggarwal, A.K. Structure 17 530-537 (2009)",19368886,10.1016/j.str.2009.02.015,2009-05-12
AD0074,3EY2,A Conformational Transition in the Structure of a 2'-Thiomethyl-Modified DNA Visualized at High Resolution,"A Conformational Transition in the Structure of a 2'-Thiomethyl-Modified DNA Visualized at High Resolution Pallan, P.S., Prakash, T.P., Li, F., Eoff, R.L., Manoharan, M., Egli, M. Chem.Commun.(Camb.) 15 2017-2019 (2009)",19333476,10.1039/b822781k,2009-04-28
AD0073,3FA1,Crystal Structure of Tellurium Derivatized DNA,"Crystal Structure of Tellurium Derivatized DNA Sheng, J., Tatsuya, M., Hassan, A.E., Huang, Z. To be Published",,,2009-01-27
PD1189,3EPG,Structure of Human DNA Polymerase Iota complexed with N2-ethylguanine,"Structure of Human DNA Polymerase Iota complexed with N2-ethylguanine Pence, M.G., Blans, P., Zink, C.N., Hollis, T., Fishbein, J.C., Perrino, F.W. J.Biol.Chem. 284 1732-1740 (2009)",18984581,10.1074/jbc.M807296200,2008-12-16
PD1190,3EPI,Structure of Human DNA Polymerase Iota complexed with N2-ethylguanine and incoming TTP,"Structure of Human DNA Polymerase Iota complexed with N2-ethylguanine and incoming TTP Pence, M.G., Blans, P., Zink, C.N., Hollis, T., Fishbein, J.C., Perrino, F.W. J.Biol.Chem. 284 1732-1740 (2009)",18984581,10.1074/jbc.M807296200,2008-12-16
AD0072,3BM0,Structure of DNA Octamer G(dUSe)G(5-SedU)ACAC,"Structure of DNA Octamer G(dUSe)G(5-SedU)ACAC Hassan, A.E., Sheng, J., Jiang, J., Zhang, W., Huang, Z. Org.Lett. 11 2503-2506 (2009)",19469515,10.1021/ol9004867,2008-06-10
AD0071,2PLO,D-(GTATACC) low temperature (100K),"D-(GTATACC) low temperature (100K) Prange, T., Girard, E., Kahn, R., Lecouvey, M., Migianu-Griffoni, E., Mezouar, M., Fourme, R. To be Published",,,2008-05-27
2RMQ,2RMQ,Solution structure of fully modified 4'-thioDNA with the sequence of d(CGCGAATTCGCG),"Solution structure of fully modified 4'-thioDNA with the sequence of d(CGCGAATTCGCG) Matsugami, A., Ohyama, T., Inada, M., Inoue, N., Minakawa, N., Matsuda, A., Katahira, M. Nucleic Acids Res. 36 1805-1812 (2008)",18252770,10.1093/nar/gkn011,2008-04-15
PD1014,2Z3X,Structure of a Protein-DNA Complex Essential for DNA Protection in Spore of Bacillus Species,"Structure of a Protein-DNA Complex Essential for DNA Protection in Spore of Bacillus Species Lee, K.S., Bumbaca, D., Kosman, J., Setlow, P., Jedrzejas, M.J. Proc. Natl. Acad. Sci. U.S.A. 105 2806-2811 (2008)",18287075,10.1073/pnas.0708244105,2008-02-12
2O7W,2O7W,Duplex DNA containing an abasic site with an opposite G (alpha anomer) in 5'-G_AC-3' (10 structure ensemble and averaged structure),"Duplex DNA containing an abasic site with an opposite G (alpha anomer) in 5'-G_AC-3' (10 structure ensemble and averaged structure) Chen, J., Dupradeau, F.Y., Case, D.A., Turner, C.J., Stubbe, J. Nucleic Acids Res. 36 253-262 (2008)",18025040,10.1093/nar/gkm622,2007-11-27
AD0069,2PL8,D(GTATACC) under hydrostatic pressure of 1.04 GPa,"D(GTATACC) under hydrostatic pressure of 1.04 GPa Girard, E., Prange, T., Dhaussy, A.C., Migianu-Griffoni, E., Lecouvey, M., Chervin, J.C., Mezouar, M., Kahn, R., Fourme, R. Nucleic Acids Res. 35 4800-4808 (2007)",17617642,10.1093/nar/gkm511,2007-07-24
AD0070,2PLB,D(GTATACC) under hydrostatic pressure of 1.39 GPa,"D(GTATACC) under hydrostatic pressure of 1.39 GPa Girard, E., Prange, T., Dhaussy, A.C., Migianu-Griffoni, E., Lecouvey, M., Chervin, J.C., Mezouar, M., Kahn, R., Fourme, R. Nucleic Acids Res. 35 4800-4808 (2007)",17617642,10.1093/nar/gkm511,2007-07-24
AD0067,2PKV,D-(GGTATACC) ambient pressure,"D-(GGTATACC) ambient pressure Girard, E., Prange, T., Dhaussy, A.C., Migianu-Griffoni, E., Lecouvey, M., Chervin, J.C., Mezouar, M., Kahn, R., Fourme, R. Nucleic Acids Res. 35 4800-4808 (2007)",17617642,10.1093/nar/gkm511,2007-07-24
AD0068,2PL4,D-(GGTATACC) under 0.55 GPa hydrostatic pressure,"D-(GGTATACC) under 0.55 GPa hydrostatic pressure Girard, E., Prange, T., Dhaussy, A.C., Migianu-Griffoni, E., Lecouvey, M., Chervin, J.C., Mezouar, M., Kahn, R., Fourme, R. Nucleic Acids Res. 35 4800-4808 (2007)",17617642,10.1093/nar/gkm511,2007-07-24
PD1006,2Q10,RESTRICTION ENDONUCLEASE BcnI (WILD TYPE)-COGNATE DNA SUBSTRATE COMPLEX,"RESTRICTION ENDONUCLEASE BcnI (WILD TYPE)-COGNATE DNA SUBSTRATE COMPLEX Sokolowska, M., Kaus-Drobek, M., Czapinska, H., Tamulaitis, G., Szczepanowski, R.H., Urbanke, C., Siksnys, V., Bochtler, M. J.Mol.Biol. 369 722-734 (2007)",17445830,10.1016/j.jmb.2007.03.018,2007-06-05
PD0965,2ODI,Restriction Endonuclease BCNI-Cognate DNA Substrate Complex,"Restriction Endonuclease BCNI-Cognate DNA Substrate Complex Sokolowska, M., Kaus-Drobek, M., Czapinska, H., Tamulaitis, G., Szczepanowski, R.H., Urbanke, C., Siksnys, V., Bochtler, M. J.Mol.Biol. 369 722-734 (2007)",17445830,10.1016/j.jmb.2007.03.018,2007-03-20
AD0066,2NSK,Doubled Modified Selenium DNA,"Doubled Modified Selenium DNA Jiang, J., Shen, J., Huang, Z. To be Published",,,2006-11-14
AD0065,2HC7,2'-selenium-T A-DNA [G(TSe)GTACAC],"2'-selenium-T A-DNA [G(TSe)GTACAC] Jiang, J., Sheng, J., Huang, Z. TO BE PUBLISHED",,,2006-07-04
AD0063,2DLJ,2'-Me-Se and Br Derivitation of A-DNA Octamer G(UMS)G(BRU)ACAC,"2'-Me-Se and Br Derivitation of A-DNA Octamer G(UMS)G(BRU)ACAC Jiang, J., Sheng, J., Carrasco, N., Huang, Z. Nucleic Acids Res. 35 477-485 (2007)",17169989,10.1093/nar/gkl1070,2006-05-23
AD0064,2H05,Br Derivitation of A-DNA Octamer GTG(Ubr)ACAC,"Br Derivitation of A-DNA Octamer GTG(Ubr)ACAC Jiang, J., Sheng, J., Carrasco, N., Huang, Z. Nucleic Acids Res. 35 477-485 (2007)",17169989,10.1093/nar/gkl1070,2006-05-23
AD0060,2FIJ,"Crystal Structure Analysis of the A-DNA Decamer GCGT-2'OMeA-aU-ACGC, with Incorporated 2'-O-Methylated-Adenosine (2'OMeA) and Arabino-Uridine (aU)","Crystal Structure Analysis of the A-DNA Decamer GCGT-2'OMeA-aU-ACGC, with Incorporated 2'-O-Methylated-Adenosine (2'OMeA) and Arabino-Uridine (aU) Li, F., Sarkhel, S., Wilds, C.J., Wawrzak, Z., Prakash, T.P., Manoharan, M., Egli, M. Biochemistry 45 4141-4152 (2006)",16566588,10.1021/bi052322r,2006-05-23
AD0061,2FIL,"Crystal Structure Analysis of the A-DNA Decamer GCGT-2'OMeA-faT-ACGC, with Incorporated 2'-O-Methylated-Adenosine (2'OMeA) and 2'-Fluoroarabino-Thymidine (faT)","Crystal Structure Analysis of the A-DNA Decamer GCGT-2'OMeA-faT-ACGC, with Incorporated 2'-O-Methylated-Adenosine (2'OMeA) and 2'-Fluoroarabino-Thymidine (faT) Li, F., Sarkhel, S., Wilds, C.J., Wawrzak, Z., Prakash, T.P., Manoharan, M., Egli, M. Biochemistry 45 4141-4152 (2006)",16566588,10.1021/bi052322r,2006-05-23
AD0062,2GPX,2'-Me-Se and Br Derivitation of A-DNA Octamer G(UMS)G(BRU)ACAC,"2'-Me-Se and Br Derivitation of A-DNA Octamer G(UMS)G(BRU)ACAC Jiang, J., Sheng, J., Carrasco, N., Huang, Z. Nucleic Acids Res. 35 477-485 (2007)",17169989,10.1093/nar/gkl1070,2006-05-23
AD0057,2AXB,Crystal Structure Analysis Of A 2-O-[2-(methoxy)ethyl]-2-thiothymidine Modified Oligodeoxynucleotide Duplex,"Crystal Structure Analysis Of A 2-O-[2-(methoxy)ethyl]-2-thiothymidine Modified Oligodeoxynucleotide Duplex Diop-Frimpong, B., Prakash, T.P., Rajeev, K.G., Manoharan, M., Egli, M. Nucleic Acids Res. 33 5297-5307 (2005)",16170156,10.1093/nar/gki823,2005-11-01
AD0058,2B1B,5'-D(*GP*CP*GP*TP*GP*GP*GP*CP*AP*C)-3' Zif268 binding site,"5'-D(*GP*CP*GP*TP*GP*GP*GP*CP*AP*C)-3' Zif268 binding site Locasale, J.W., Napoli, A.A., Chen, S., Berman, H.M., Lawson, C.L. J.Mol.Biol. 386 1054-1065 (2009)",19244617,,2005-09-27
AD0059,2B1C,5'-D(*GP*CP*GP*TP*GP*GP*GP*AP*CP*C)-3' Zif268 binding site,"5'-D(*GP*CP*GP*TP*GP*GP*GP*AP*CP*C)-3' Zif268 binding site Locasale, J.W., Napoli, A.A., Chen, S., Berman, H.M., Lawson, C.L. J.Mol.Biol. 386 1054-1065 (2009)",19244617,,2005-09-27
AD0056,2A7E,"On the Routine Use of Soft X-Rays in Macromolecular Crystallography, Part III- The Optimal Data Collection Wavelength","On the Routine Use of Soft X-Rays in Macromolecular Crystallography, Part III- The Optimal Data Collection Wavelength Mueller-Dieckmann, C., Panjikar, S., Tucker, P.A., Weiss, M.S. Acta Crystallogr.,Sect.D 61 1263-1272 (2005)",16131760,10.1107/S0907444905021475,2005-07-19
AD0040,1Y9S,Crystal structure of the A-DNA GCGTAT*CGC with a 2'-O-propargyl Thymidine (T*),"Crystal structure of the A-DNA GCGTAT*CGC with a 2'-O-propargyl Thymidine (T*) Egli, M., Minasov, G., Tereshko, V., Pallan, P.S., Teplova, M., Inamati, G.B., Lesnik, E.A., Owens, S.R., Ross, B.S., Prakash, T.P., Manoharan, M. Biochemistry 44 9045-9057 (2005)",15966728,10.1021/bi050574m,2005-06-28
AD0041,1Y8L,Crystal structure of the A-DNA GCGTAT*CGC with a 2'-O-[2-(trifluoro)ethyl] Thymidine (T*),"Crystal structure of the A-DNA GCGTAT*CGC with a 2'-O-[2-(trifluoro)ethyl] Thymidine (T*) Egli, M., Minasov, G., Tereshko, V., Pallan, P.S., Teplova, M., Inamati, G.B., Lesnik, E.A., Owens, S.R., Ross, B.S., Prakash, T.P., Manoharan, M. Biochemistry 44 9045-9057 (2005)",15966728,10.1021/bi050574m,2005-06-28
AD0043,1YB9,"Crystal structure of the A-DNA GCGTAT*CGC with a 2'-O-[2-(N,N-dimethylaminooxy)ethyl] Thymidine (T*)","Crystal structure of the A-DNA GCGTAT*CGC with a 2'-O-[2-(N,N-dimethylaminooxy)ethyl] Thymidine (T*) Egli, M., Minasov, G., Tereshko, V., Pallan, P.S., Teplova, M., Inamati, G.B., Lesnik, E.A., Owens, S.R., Ross, B.S., Prakash, T.P., Manoharan, M. Biochemistry 44 9045-9057 (2005)",15966728,10.1021/bi050574m,2005-06-28
AD0034,1Y7F,Crystal structure of the A-DNA GCGTAT*CGC with a 2'-O-[2-[hydroxy(methyleneamino)oxy]ethyl] Thymidine (T*),"Crystal structure of the A-DNA GCGTAT*CGC with a 2'-O-[2-[hydroxy(methyleneamino)oxy]ethyl] Thymidine (T*) Egli, M., Minasov, G., Tereshko, V., Pallan, P.S., Teplova, M., Inamati, G.B., Lesnik, E.A., Owens, S.R., Ross, B.S., Prakash, T.P., Manoharan, M. Biochemistry 44 9045-9057 (2005)",15966728,10.1021/bi050574m,2005-06-28
AD0042,1Y8V,Crystal structure of the A-DNA GCGTAT*CGC with a 2'-O-propyl Thymidine (T*),"Crystal structure of the A-DNA GCGTAT*CGC with a 2'-O-propyl Thymidine (T*) Egli, M., Minasov, G., Tereshko, V., Pallan, P.S., Teplova, M., Inamati, G.B., Lesnik, E.A., Owens, S.R., Ross, B.S., Prakash, T.P., Manoharan, M. Biochemistry 44 9045-9057 (2005)",15966728,10.1021/bi050574m,2005-06-28
AD0044,1YBC,Crystal structure of the A-DNA GCGTAT*CGC with a 2'-O-[2-(benzyloxy)ethyl] Thymidine (T*),"Crystal structure of the A-DNA GCGTAT*CGC with a 2'-O-[2-(benzyloxy)ethyl] Thymidine (T*) Egli, M., Minasov, G., Tereshko, V., Pallan, P.S., Teplova, M., Inamati, G.B., Lesnik, E.A., Owens, S.R., Ross, B.S., Prakash, T.P., Manoharan, M. Biochemistry 44 9045-9057 (2005)",15966728,10.1021/bi050574m,2005-06-28
AD0037,1Y84,Crystal structure of the A-DNA GCGTAT*CGC with a 2'-O-[2-(imidazolyl)ethyl] Thymidine (T*),"Crystal structure of the A-DNA GCGTAT*CGC with a 2'-O-[2-(imidazolyl)ethyl] Thymidine (T*) Egli, M., Minasov, G., Tereshko, V., Pallan, P.S., Teplova, M., Inamati, G.B., Lesnik, E.A., Owens, S.R., Ross, B.S., Prakash, T.P., Manoharan, M. Biochemistry 44 9045-9057 (2005)",15966728,10.1021/bi050574m,2005-06-28
AD0035,1WV5,"X-ray structure of the A-decamer GCGTATACGC with a single 2'-o-butyl thymine in place of T6, Mg-form","X-ray structure of the A-decamer GCGTATACGC with a single 2'-o-butyl thymine in place of T6, Mg-form Egli, M., Minasov, G., Tereshko, V., Pallan, P.S., Teplova, M., Inamati, G.B., Lesnik, E.A., Owens, S.R., Ross, B.S., Prakash, T.P., Manoharan, M. Biochemistry 44 9045-9057 (2005)",15966728,10.1021/bi050574m,2005-06-28
AD0039,1Y9F,Crystal structure of the A-DNA GCGTAT*CGC with a 2'-O-allyl Thymidine (T*),"Crystal structure of the A-DNA GCGTAT*CGC with a 2'-O-allyl Thymidine (T*) Egli, M., Minasov, G., Tereshko, V., Pallan, P.S., Teplova, M., Inamati, G.B., Lesnik, E.A., Owens, S.R., Ross, B.S., Prakash, T.P., Manoharan, M. Biochemistry 44 9045-9057 (2005)",15966728,10.1021/bi050574m,2005-06-28
AD0038,1Y86,Crystal structure of the A-DNA GCGTAT*CGC with a 2'-O-[2-(fluoro)ethyl] Thymidine (T*),"Crystal structure of the A-DNA GCGTAT*CGC with a 2'-O-[2-(fluoro)ethyl] Thymidine (T*) Egli, M., Minasov, G., Tereshko, V., Pallan, P.S., Teplova, M., Inamati, G.B., Lesnik, E.A., Owens, S.R., Ross, B.S., Prakash, T.P., Manoharan, M. Biochemistry 44 9045-9057 (2005)",15966728,10.1021/bi050574m,2005-06-28
AD0036,1WV6,"X-ray structure of the A-decamer GCGTATACGC with a single 2'-O-butyl thymine in place of T6, Sr-form","X-ray structure of the A-decamer GCGTATACGC with a single 2'-O-butyl thymine in place of T6, Sr-form Egli, M., Minasov, G., Tereshko, V., Pallan, P.S., Teplova, M., Inamati, G.B., Lesnik, E.A., Owens, S.R., Ross, B.S., Prakash, T.P., Manoharan, M. Biochemistry 44 9045-9057 (2005)",15966728,10.1021/bi050574m,2005-06-28
PD0519,1S9K,Crystal Structure of Human NFAT1 and Fos-Jun on the IL-2 ARRE1 Site,"Crystal Structure of Human NFAT1 and Fos-Jun on the IL-2 ARRE1 Site Wang, D., Stroud, J.C., Chen, L. To be Published",,,2005-06-14
AD0049,1ZF6,TGG DUPLEX A-DNA,"TGG DUPLEX A-DNA Hays, F.A., Teegarden, A., Jones, Z.J., Harms, M., Raup, D., Watson, J., Cavaliere, E., Ho, P.S. Proc.Natl.Acad.Sci.Usa 102 7157-7162 (2005)",15870206,10.1073/pnas.0409455102,2005-05-10
AD0053,1ZJE,12mer-spd,"12mer-spd Dohm, J.A., Hsu, M.H., Hwu, J.R., Huang, R.C., Moudrianakis, E.N., Lattman, E.E., Gittis, A.G. J.Mol.Biol. 349 731-744 (2005)",15896803,10.1016/j.jmb.2005.04.001,2005-05-10
AD0046,1ZEX,CCG A-DNA,"CCG A-DNA Hays, F.A., Teegarden, A., Jones, Z.J., Harms, M., Raup, D., Watson, J., Cavaliere, E., Ho, P.S. Proc.Natl.Acad.Sci.Usa 102 7157-7162 (2005)",15870206,10.1073/pnas.0409455102,2005-05-10
AD0050,1ZF8,GGT Duplex A-DNA,"GGT Duplex A-DNA Hays, F.A., Teegarden, A., Jones, Z.J., Harms, M., Raup, D., Watson, J., Cavaliere, E., Ho, P.S. Proc.Natl.Acad.Sci.Usa 102 7157-7162 (2005)",15870206,10.1073/pnas.0409455102,2005-05-10
AD0054,1ZJF,12mer-spd-P4N,"12mer-spd-P4N Dohm, J.A., Hsu, M.H., Hwu, J.R., Huang, R.C., Moudrianakis, E.N., Lattman, E.E., Gittis, A.G. J.Mol.Biol. 349 731-744 (2005)",15896803,10.1016/j.jmb.2005.04.001,2005-05-10
AD0047,1ZEY,CGG A-DNA,"CGG A-DNA Hays, F.A., Teegarden, A., Jones, Z.J., Harms, M., Raup, D., Watson, J., Cavaliere, E., Ho, P.S. Proc.Natl.Acad.Sci.Usa 102 7157-7162 (2005)",15870206,10.1073/pnas.0409455102,2005-05-10
AD0051,1ZF9,GGG Duplex A-DNA,"GGG Duplex A-DNA Hays, F.A., Teegarden, A., Jones, Z.J., Harms, M., Raup, D., Watson, J., Cavaliere, E., Ho, P.S. Proc.Natl.Acad.Sci.Usa 102 7157-7162 (2005)",15870206,10.1073/pnas.0409455102,2005-05-10
AD0055,1ZJG,13mer-co,"13mer-co Dohm, J.A., Hsu, M.H., Hwu, J.R., Huang, R.C., Moudrianakis, E.N., Lattman, E.E., Gittis, A.G. J.Mol.Biol. 349 731-744 (2005)",15896803,10.1016/j.jmb.2005.04.001,2005-05-10
AD0048,1ZF1,CCC A-DNA,"CCC A-DNA Hays, F.A., Teegarden, A., Jones, Z.J., Harms, M., Raup, D., Watson, J., Cavaliere, E., Ho, P.S. Proc.Natl.Acad.Sci.Usa 102 7157-7162 (2005)",15870206,10.1073/pnas.0409455102,2005-05-10
AD0052,1ZFA,GGA Duplex A-DNA,"GGA Duplex A-DNA Hays, F.A., Teegarden, A., Jones, Z.J., Harms, M., Raup, D., Watson, J., Cavaliere, E., Ho, P.S. Proc.Natl.Acad.Sci.Usa 102 7157-7162 (2005)",15870206,10.1073/pnas.0409455102,2005-05-10
AD0045,1Z7I,2'-Me-Se Derivitation of A-DNA Octamer G(UMSe)GTACAC,"2'-Me-Se Derivitation of A-DNA Octamer G(UMSe)GTACAC Jiang, J., Sheng, J., Carrasco, N., Huang, Z. Nucleic Acids Res. 35 477-485 (2007)",17169989,10.1093/nar/gkl1070,2005-04-05
AD0032,1XJX,The crystal structures of the DNA binding sites of the RUNX1 transcription factor,"The crystal structures of the DNA binding sites of the RUNX1 transcription factor Kitayner, M., Rozenberg, H., Rabinovich, D., Shakked, Z. Acta Crystallogr.,Sect.D 61 236-246 (2005)",15735333,10.1107/S0907444904032378,2005-03-15
AD0033,1XJY,The crystal structures of the DNA binding sites of the RUNX1 transcription factor,"The crystal structures of the DNA binding sites of the RUNX1 transcription factor Kitayner, M., Rozenberg, H., Rabinovich, D., Shakked, Z. Acta Crystallogr.,Sect.D 61 236-246 (2005)",15735333,10.1107/S0907444904032378,2005-03-15
PD0535,1S9F,DPO with AT matched,"DPO with AT matched Trincao, J., Johnson, R.E., Wolfle, W.T., Escalante, C.R., Prakash, S., Prakash, L., Aggarwal, A.K. Nat.Struct.Mol.Biol. 11 457-462 (2004)",15077104,10.1038/nsmb755,2005-02-15
UD0057,1XUX,Structural rationalization of a large difference in RNA affinity despite a small difference in chemistry between two 2'-O-modified nucleic acid analogs,"Structural rationalization of a large difference in RNA affinity despite a small difference in chemistry between two 2'-O-modified nucleic acid analogs Pattanayek, R., Sethaphong, L., Pan, C., Prhavc, M., Prakash, T.P., Manoharan, M., Egli, M. J.Am.Chem.Soc. 126 15006-15007 (2004)",15547979,10.1021/ja044637k,2004-12-14
UD0056,1XUW,Structural rationalization of a large difference in RNA affinity despite a small difference in chemistry between two 2'-O-modified nucleic acid analogs,"Structural rationalization of a large difference in RNA affinity despite a small difference in chemistry between two 2'-O-modified nucleic acid analogs Pattanayek, R., Sethaphong, L., Pan, C., Prhavc, M., Prakash, T.P., Manoharan, M., Egli, M. J.Am.Chem.Soc. 126 15006-15007 (2004)",15547979,10.1021/ja044637k,2004-12-14
AD0030,1PWF,One Sugar Pucker Fits All: Pairing Versatility Despite Conformational Uniformity in TNA,"One Sugar Pucker Fits All: Pairing Versatility Despite Conformational Uniformity in TNA Pallan, P.S., Wilds, C.J., Wawrzak, Z., Krishnamurthy, R., Eschenmoser, A., Egli, M. ANGEW.CHEM.INT.ED.ENGL. 42 5893-5895 (2003)",14673929,10.1002/anie.200352553,2004-07-13
PD0525,1SL0,Ternary 3' complex of T7 DNA polymerase with a DNA primer/template containing a disordered cis-syn thymine dimer on the template and an incoming nucleotide,"Ternary 3' complex of T7 DNA polymerase with a DNA primer/template containing a disordered cis-syn thymine dimer on the template and an incoming nucleotide Li, Y., Dutta, S., Doublie, S., Bdour, H.M., Taylor, J.S., Ellenberger, T. Nat.Struct.Mol.Biol. 11 784-790 (2004)",15235589,10.1038/nsmb792,2004-07-06
PD0522,1SKR,T7 DNA Polymerase Complexed To DNA Primer/Template and ddATP,"T7 DNA Polymerase Complexed To DNA Primer/Template and ddATP Li, Y., Dutta, S., Doublie, S., Bdour, H.M., Taylor, J.S., Ellenberger, T. Nat.Struct.Mol.Biol. 11 784-790 (2004)",15235589,10.1038/nsmb792,2004-07-06
PD0526,1SL1,Binary 5' complex of T7 DNA polymerase with a DNA primer/template containing a cis-syn thymine dimer on the template,"Binary 5' complex of T7 DNA polymerase with a DNA primer/template containing a cis-syn thymine dimer on the template Li, Y., Dutta, S., Doublie, S., Bdour, H.M., Taylor, J.S., Ellenberger, T. Nat.Struct.Mol.Biol. 11 784-790 (2004)",15235589,10.1038/nsmb792,2004-07-06
PD0523,1SKS,Binary 3' complex of T7 DNA polymerase with a DNA primer/template containing a cis-syn thymine dimer on the template,"Binary 3' complex of T7 DNA polymerase with a DNA primer/template containing a cis-syn thymine dimer on the template Li, Y., Dutta, S., Doublie, S., Bdour, H.M., Taylor, J.S., Ellenberger, T. Nat.Struct.Mol.Biol. 11 784-790 (2004)",15235589,10.1038/nsmb792,2004-07-06
PD0527,1SL2,Ternary 5' complex of T7 DNA polymerase with a DNA primer/template containing a cis-syn thymine dimer on the template and an incoming nucleotide,"Ternary 5' complex of T7 DNA polymerase with a DNA primer/template containing a cis-syn thymine dimer on the template and an incoming nucleotide Li, Y., Dutta, S., Doublie, S., Bdour, H.M., Taylor, J.S., Ellenberger, T. Nat.Struct.Mol.Biol. 11 784-790 (2004)",15235589,10.1038/nsmb792,2004-07-06
PD0524,1SKW,Binary 3' complex of T7 DNA polymerase with a DNA primer/template containing a disordered cis-syn thymine dimer on the template,"Binary 3' complex of T7 DNA polymerase with a DNA primer/template containing a disordered cis-syn thymine dimer on the template Li, Y., Dutta, S., Doublie, S., Bdour, H.M., Taylor, J.S., Ellenberger, T. Nat.Struct.Mol.Biol. 11 784-790 (2004)",15235589,10.1038/nsmb792,2004-07-06
DD0063,1VAQ,Crystal structure of the Mg2+-(chromomycin A3)2-d(TTGGCCAA)2 complex reveals GGCC binding specificity of the drug dimer chelated by metal ion,"Crystal structure of the Mg2+-(chromomycin A3)2-d(TTGGCCAA)2 complex reveals GGCC binding specificity of the drug dimer chelated by metal ion Hou, M.H., Robinson, H., Gao, Y.G., Wang, A.H.-J. Nucleic Acids Res. 32 2214-2222 (2004)",15107489,10.1093/nar/gkh549,2004-06-22
PD0516,1S97,DPO4 with GT mismatch,"DPO4 with GT mismatch Trincao, J., Johnson, R.E., Wolfle, W.T., Escalante, C.R., Prakash, S., Prakash, L., Aggarwal, A.K. Nat.Struct.Mol.Biol. 11 457-462 (2004)",15077104,10.1038/nsmb755,2004-04-27
UD0044,1R3Z,Crystal structures of d(Gm5CGm5CGCGC) and d(GCGCGm5CGm5C): Effects of methylation on alternating DNA octamers,"Crystal structures of d(Gm5CGm5CGCGC) and d(GCGCGm5CGm5C): Effects of methylation on alternating DNA octamers Shi, K., Pan, B., Tippin, D., Sundaralingam, M. Acta Crystallogr.,Sect.D 60 61-65 (2004)",14684893,10.1107/S0907444903021899,2003-12-23
AD0031,1R3G,1.16A X-ray structure of the synthetic DNA fragment with the incorporated 2'-O-[(2-Guanidinium)ethyl]-5-methyluridine residues,"1.16A X-ray structure of the synthetic DNA fragment with the incorporated 2'-O-[(2-Guanidinium)ethyl]-5-methyluridine residues Prakash, T.P., Lesnik, E., Mohan, V., Tereshko, V., Egli, M., Manoharan, M. Org.Lett. 6 1971-1974 (2004)",15176796,10.1021/ol0493249,2003-10-21
AD0029,1NZG,"Crystal structure of A-DNA decamer GCGTA(3ME)ACGC, with a modified 5-methyluridine","Crystal structure of A-DNA decamer GCGTA(3ME)ACGC, with a modified 5-methyluridine Prhavc, M., Prakash, T.P., Minasov, G., Cook, P.D., Egli, M., Manoharan, M. Org.Lett. 5 2017-2020 (2003)",12790517,10.1021/ol0340991,2003-08-26
AD0026,1M77,Near Atomic Resolution Crystal Structure of an A-DNA Decamer d(CCCGATCGGG): Cobalt Hexammine Interactions with A-DNA,"Near Atomic Resolution Crystal Structure of an A-DNA Decamer d(CCCGATCGGG): Cobalt Hexammine Interactions with A-DNA Ramakrishnan, B., Sekharudu, C., Pan, B., Sundaralingam, M. Acta Crystallogr.,Sect.D 59 67-72 (2003)",12499541,10.1107/S0907444902018917,2003-01-07
AD0027,1MA8,A-DNA decamer GCGTA(UMS)ACGC with incorporated 2'-methylseleno-uridine,"A-DNA decamer GCGTA(UMS)ACGC with incorporated 2'-methylseleno-uridine Teplova, M., Wilds, C.J., Wawrzak, Z., Tereshko, V., Du, Q., Carrasco, N., Huang, Z., Egli, M. BIOCHIMIE 84 849-858 (2002)",12458077,10.1016/S0300-9084(02)01440-2,2002-12-11
AD0028,1MLX,Crystal Structure Analysis of a 2'-O-[2-(Methylthio)-ethyl]-Modified Oligodeoxynucleotide Duplex,"Crystal Structure Analysis of a 2'-O-[2-(Methylthio)-ethyl]-Modified Oligodeoxynucleotide Duplex Prakash, T.P., Manoharan, M., Kawasaki, A.M., Fraser, A.S., Lesnik, E.A., Sioufi, N., Leeds, J.M., Teplova, M., Egli, M. Biochemistry 41 11642-11648 (2002)",12269806,10.1021/bi020264t,2002-12-04
AD0025,1KGK,Direct Observation of a Cytosine Analog that Forms Five Hydrogen Bonds to Guanosine; Guanyl G-Clamp,"Direct Observation of a Cytosine Analog that Forms Five Hydrogen Bonds to Guanosine; Guanyl G-Clamp Wilds, C.J., Maier, M.A., Tereshko, V., Manoharan, M., Egli, M. Angew.Chem.Int.Ed.Engl. 41 115-117 (2002)",12491456,10.1002/1521-3773(20020104)41:1<115::AID-ANIE115>3.0.CO;2-R,2001-12-21
AD0023,1IH4,Multi-Conformation Crystal Structure of GGm5CGCC,"Multi-Conformation Crystal Structure of GGm5CGCC Vargason, J.M., Henderson, K., Ho, P.S. Proc.Natl.Acad.Sci.USA 98 7265-7270 (2001)",11390969,10.1073/pnas.121176898,2001-06-18
AD0024,1IH6,Multi-Conformation Crystal Structure of GGBr5CGCC,"Multi-Conformation Crystal Structure of GGBr5CGCC Vargason, J.M., Henderson, K., Ho, P.S. Proc.Natl.Acad.Sci.USA 98 7265-7270 (2001)",11390969,10.1073/pnas.121176898,2001-06-18
AD0021,1IH2,Crystal Structure of GGBr5CGBr5CC,"Crystal Structure of GGBr5CGBr5CC Vargason, J.M., Henderson, K., Ho, P.S. Proc.Natl.Acad.Sci.USA 98 7265-7270 (2001)",11390969,10.1073/pnas.121176898,2001-06-18
AD0022,1IH3,Multi-conformation crystal structure of GGm5CGm5CC,"Multi-conformation crystal structure of GGm5CGm5CC Vargason, J.M., Henderson, K., Ho, P.S. Proc.Natl.Acad.Sci.USA 98 7265-7270 (2001)",11390969,10.1073/pnas.121176898,2001-06-18
AD0015,1I0M,"1.05 A STRUCTURE OF THE A-DECAMER GCGTATACGC WITH A SINGLE 2'-O-FLUOROETHYL THYMINE IN PLACE OF T6, HIGH RB-SALT","1.05 A STRUCTURE OF THE A-DECAMER GCGTATACGC WITH A SINGLE 2'-O-FLUOROETHYL THYMINE IN PLACE OF T6, HIGH RB-SALT Tereshko, V., Wilds, C.J., Minasov, G., Prakash, T.P., Maier, M.A., Howard, A., Wawrzak, Z., Manoharan, M., Egli, M. Nucleic Acids Res. 29 1208-1215 (2001)",11222771,10.1093/nar/29.5.1208,2001-04-04
AD0019,1I0Q,"1.3 A STRUCTURE OF THE A-DECAMER GCGTATACGC WITH A SINGLE 2'-O-METHYL-[TRI(OXYETHYL)] THYMINE IN PLACE OF T6, MEDIUM NA-SALT","1.3 A STRUCTURE OF THE A-DECAMER GCGTATACGC WITH A SINGLE 2'-O-METHYL-[TRI(OXYETHYL)] THYMINE IN PLACE OF T6, MEDIUM NA-SALT Tereshko, V., Wilds, C.J., Minasov, G., Prakash, T.P., Maier, M.A., Howard, A., Wawrzak, Z., Manoharan, M., Egli, M. Nucleic Acids Res. 29 1208-1215 (2001)",11222771,10.1093/nar/29.5.1208,2001-04-04
AD0012,1I0G,"1.45 A STRUCTURE OF THE A-DECAMER GCGTATACGC WITH A SINGLE 2'-O-FLUOROETHYL THYMINE IN PLACE OF T6, MEDIUM NA-SALT","1.45 A STRUCTURE OF THE A-DECAMER GCGTATACGC WITH A SINGLE 2'-O-FLUOROETHYL THYMINE IN PLACE OF T6, MEDIUM NA-SALT Tereshko, V., Wilds, C.J., Minasov, G., Prakash, T.P., Maier, M.A., Howard, A., Wawrzak, Z., Manoharan, M., Egli, M. Nucleic Acids Res. 29 1208-1215 (2001)",11222771,10.1093/nar/29.5.1208,2001-04-04
AD0016,1I0N,"1.3 A STRUCTURE OF THE A-DECAMER GCGTATACGC WITH A SINGLE 2'-O-METHYL-[TRI(OXYETHYL)] THYMINE IN PLACE OF T6, MEDIUM RB-SALT","1.3 A STRUCTURE OF THE A-DECAMER GCGTATACGC WITH A SINGLE 2'-O-METHYL-[TRI(OXYETHYL)] THYMINE IN PLACE OF T6, MEDIUM RB-SALT Tereshko, V., Wilds, C.J., Minasov, G., Prakash, T.P., Maier, M.A., Howard, A., Wawrzak, Z., Manoharan, M., Egli, M. Nucleic Acids Res. 29 1208-1215 (2001)",11222771,10.1093/nar/29.5.1208,2001-04-04
AD0020,1I5W,A-DNA DECAMER GCGTA(TLN)ACGC,"A-DNA DECAMER GCGTA(TLN)ACGC Egli, M., Minasov, G., Teplova, M., Kumar, R., Wengel, J. J.Chem.Soc.,Chem.Commun.  651-652 (2001)",-1,10.1039/b009447l,2001-04-04
AD0013,1I0J,"1.06 A STRUCTURE OF THE A-DECAMER GCGTATACGC WITH A SINGLE 2'-O-METHYL-3'-METHYLENEPHOSPHONATE (T23) THYMINE IN PLACE OF T6, HIGH CS-SALT","1.06 A STRUCTURE OF THE A-DECAMER GCGTATACGC WITH A SINGLE 2'-O-METHYL-3'-METHYLENEPHOSPHONATE (T23) THYMINE IN PLACE OF T6, HIGH CS-SALT Tereshko, V., Wilds, C.J., Minasov, G., Prakash, T.P., Maier, M.A., Howard, A., Wawrzak, Z., Manoharan, M., Egli, M. Nucleic Acids Res. 29 1208-1215 (2001)",11222771,10.1093/nar/29.5.1208,2001-04-04
AD0017,1I0O,"1.6 A STRUCTURE OF THE A-DECAMER GCGTATACGC WITH A SINGLE 2'-O-METHYL-3'-METHYLENEPHOSPHONATE THYMINE IN PLACE OF T6, HIGH K-SALT","1.6 A STRUCTURE OF THE A-DECAMER GCGTATACGC WITH A SINGLE 2'-O-METHYL-3'-METHYLENEPHOSPHONATE THYMINE IN PLACE OF T6, HIGH K-SALT Tereshko, V., Wilds, C.J., Minasov, G., Prakash, T.P., Maier, M.A., Howard, A., Wawrzak, Z., Manoharan, M., Egli, M. Nucleic Acids Res. 29 1208-1215 (2001)",11222771,10.1093/nar/29.5.1208,2001-04-04
AD0014,1I0K,"1.05 A STRUCTURE OF THE A-DECAMER GCGTATACGC WITH A SINGLE 2'-O-METHYL-[TRI(OXYETHYL)] THYMINE IN PLACE OF T6, MEDIUM CS-SALT","1.05 A STRUCTURE OF THE A-DECAMER GCGTATACGC WITH A SINGLE 2'-O-METHYL-[TRI(OXYETHYL)] THYMINE IN PLACE OF T6, MEDIUM CS-SALT Tereshko, V., Wilds, C.J., Minasov, G., Prakash, T.P., Maier, M.A., Howard, A., Wawrzak, Z., Manoharan, M., Egli, M. Nucleic Acids Res. 29 1208-1215 (2001)",11222771,10.1093/nar/29.5.1208,2001-04-04
AD0018,1I0P,"1.3 A STRUCTURE OF THE A-DECAMER GCGTATACGC WITH A SINGLE 2'-O-METHYL-[TRI(OXYETHYL)], MEDIUM K-SALT","1.3 A STRUCTURE OF THE A-DECAMER GCGTATACGC WITH A SINGLE 2'-O-METHYL-[TRI(OXYETHYL)], MEDIUM K-SALT Tereshko, V., Wilds, C.J., Minasov, G., Prakash, T.P., Maier, M.A., Howard, A., Wawrzak, Z., Manoharan, M., Egli, M. Nucleic Acids Res. 29 1208-1215 (2001)",11222771,10.1093/nar/29.5.1208,2001-04-04
AD0011,1I0F,"1.6 A STRUCTURE OF THE A-DECAMER GCGTATACGC WITH A SINGLE 2'-O-AMINOOXYETHYL THYMINE IN PLACE OF T6, BA-FORM","1.6 A STRUCTURE OF THE A-DECAMER GCGTATACGC WITH A SINGLE 2'-O-AMINOOXYETHYL THYMINE IN PLACE OF T6, BA-FORM Tereshko, V., Wilds, C.J., Minasov, G., Prakash, T.P., Maier, M.A., Howard, A., Wawrzak, Z., Manoharan, M., Egli, M. Nucleic Acids Res. 29 1208-1215 (2001)",11222771,10.1093/nar/29.5.1208,2001-04-04
AD0010,1G00,ALTERNATION OF DNA AND SOLVENT LAYERS IN THE A FORM OF D(GGCGCC) OBTAINED BY ETHANOL CRYSTALLIZATION,"ALTERNATION OF DNA AND SOLVENT LAYERS IN THE A FORM OF D(GGCGCC) OBTAINED BY ETHANOL CRYSTALLIZATION Urpi, L., Navaza, J., Subirana, J.A. J.Biomol.Struct.Dyn. 18 363-369 (2000)",11149513,,2001-02-05
AD0009,1F6E,CRYSTAL STRUCTURE OF THE A-DNA HEXAMER GGCGM5CC,"CRYSTAL STRUCTURE OF THE A-DNA HEXAMER GGCGM5CC Vargason, J.M., Eichman, B.F., Ho, P.S. Nat.Struct.Biol. 7 758-761 (2000)",10966645,10.1038/78985,2000-08-28
AD0006,1DNZ,A-DNA DECAMER ACCGGCCGGT WITH MAGNESIUM BINDING SITES,"A-DNA DECAMER ACCGGCCGGT WITH MAGNESIUM BINDING SITES Robinson, H., Gao, Y.G., Sanishvili, R., Joachimiak, A., Wang, A.H. Nucleic Acids Res. 28 1760-1766 (2000)",10734195,10.1093/nar/28.8.1760,2000-04-10
AD0007,1DPL,A-DNA DECAMER GCGTA(T23)TACGC WITH INCORPORATED 2'-METHOXY-3'-METHYLENEPHOSPHATE-THYMIDINE,"A-DNA DECAMER GCGTA(T23)TACGC WITH INCORPORATED 2'-METHOXY-3'-METHYLENEPHOSPHATE-THYMIDINE Egli, M., Tereshko, V., Teplova, M., Minasov, G., Joachimiak, A., Sanishvili, R., Weeks, C.M., Miller, R., Maier, M.A., An, H., Dan Cook, P., Manoharan, M. Biopolymers 48 234-252 (1998)",10699842,10.1002/(SICI)1097-0282(1998)48:4<234::AID-BIP4>3.0.CO;2-H,2000-04-04
ADJ0109,382D,HYDRATION AND RECOGNITION OF METHYLATED CPG STEPS IN DNA.,"HYDRATION AND RECOGNITION OF METHYLATED CPG STEPS IN DNA. Mayer-Jung, C., Moras, D., Timsit, Y. EMBO J. 17 2709-2718 (1998)",9564052,10.1093/emboj/17.9.2709,1999-10-14
AD0002,414D,5'-D(*GP*GP*GP*GP*CP*GP*CP*CP*CP*C)-3',"5'-D(*GP*GP*GP*GP*CP*GP*CP*CP*CP*C)-3' Savitha, G., Viswamitra, M.A. Acta Crystallogr.,Sect.D 55 1136-1143 (1999)",10329775,10.1107/S0907444999003182,1999-06-14
AD0005,1QPH,CRYSTAL STRUCTURE OF THE A-DNA DODECAMER GACCACGTGGTC,"CRYSTAL STRUCTURE OF THE A-DNA DODECAMER GACCACGTGGTC Raaijmakers, H., Suck, D., Mayer, C. To be Published",,,1999-05-27
ADL047,399D,STRUCTURE OF D(CGCCCGCGGGCG),"STRUCTURE OF D(CGCCCGCGGGCG) Malinina, L., Fernandez, L.G., Huynh-Dinh, T., Subirana, J.A. J.Mol.Biol. 285 1679-1690 (1999)",9917405,10.1006/jmbi.1998.2424,1999-01-18
AD0003,440D,HIGH RESOLUTION A-DNA CRYSTAL STRYCTURES OF D(AGGGGCCCCT): AN A-DNA MODEL OF POLY(DG).POLY(DC),"HIGH RESOLUTION A-DNA CRYSTAL STRYCTURES OF D(AGGGGCCCCT): AN A-DNA MODEL OF POLY(DG).POLY(DC) Gao, Y.G., Robinson, H., Wang, A.H. Eur.J.Biochem. 261 413-420 (1999)",10215851,10.1046/j.1432-1327.1999.00270.x,1999-01-15
AD0004,441D,HIGH RESOLUTION A-DNA CRYSTAL STRYCTURES OF D(AGGGGCCCCT): AN A-DNA MODEL OF POLY(DG).POLY(DC),"HIGH RESOLUTION A-DNA CRYSTAL STRYCTURES OF D(AGGGGCCCCT): AN A-DNA MODEL OF POLY(DG).POLY(DC) Gao, Y.G., Robinson, H., Wang, A.H. Eur.J.Biochem. 261 413-420 (1999)",10215851,10.1046/j.1432-1327.1999.00270.x,1999-01-15
AH0002,410D,DUPLEX [5'-D(GCGTA+TACGC)]2 WITH INCORPORATED 2'-O-ETHOXYMETHYLENE RIBONUCLEOSIDE,"DUPLEX [5'-D(GCGTA+TACGC)]2 WITH INCORPORATED 2'-O-ETHOXYMETHYLENE RIBONUCLEOSIDE Tereshko, V., Portmann, S., Tay, E.C., Martin, P., Natt, F., Altmann, K.H., Egli, M. Biochemistry 37 10626-10634 (1998)",9692952,10.1021/bi980392a,1998-07-17
AH0003,411D,DUPLEX [5'-D(GCGTA+TACGC)]2 WITH INCORPORATED 2'-O-METHOXYETHYL RIBONUCLEOSIDE,"DUPLEX [5'-D(GCGTA+TACGC)]2 WITH INCORPORATED 2'-O-METHOXYETHYL RIBONUCLEOSIDE Tereshko, V., Portmann, S., Tay, E.C., Martin, P., Natt, F., Altmann, K.H., Egli, M. Biochemistry 37 10626-10634 (1998)",9692952,10.1021/bi980392a,1998-07-17
AH0004,412D,DUPLEX [5'-D(GCGTA+TACGC)]2 WITH INCORPORATED 2'-O-METHYL-[TRI(OXYETHYL)] RIBONUCLEOSIDE,"DUPLEX [5'-D(GCGTA+TACGC)]2 WITH INCORPORATED 2'-O-METHYL-[TRI(OXYETHYL)] RIBONUCLEOSIDE Tereshko, V., Portmann, S., Tay, E.C., Martin, P., Natt, F., Altmann, K.H., Egli, M. Biochemistry 37 10626-10634 (1998)",9692952,10.1021/bi980392a,1998-07-17
ADH0103,369D,STRUCTURAL VARIABILITY OF A-DNA IN CRYSTALS OF THE OCTAMER D(PCPCPCPGPCPGPGPG),"STRUCTURAL VARIABILITY OF A-DNA IN CRYSTALS OF THE OCTAMER D(PCPCPCPGPCPGPGPG) Fernandez, L.G., Subirana, J.A., Verdaguer, N., Pyshnyi, D., Campos, L., Malinina, L. J.Biomol.Struct.Dyn. 15 151-163 (1997)",9283988,,1998-07-15
ADH0104,370D,STRUCTURAL VARIABILITY OF A-DNA IN CRYSTALS OF THE OCTAMER D(PCPCPCPGPCPGPGPG),"STRUCTURAL VARIABILITY OF A-DNA IN CRYSTALS OF THE OCTAMER D(PCPCPCPGPCPGPGPG) Fernandez, L.G., Subirana, J.A., Verdaguer, N., Pyshnyi, D., Campos, L., Malinina, L. J.Biomol.Struct.Dyn. 15 151-163 (1997)",9283988,,1998-07-15
ADH0105,371D,STRUCTURAL VARIABILITY OF A-DNA IN CRYSTALS OF THE OCTAMER D(PCPCPCPGPCPGPGPG),"STRUCTURAL VARIABILITY OF A-DNA IN CRYSTALS OF THE OCTAMER D(PCPCPCPGPCPGPGPG) Fernandez, L.G., Subirana, J.A., Verdaguer, N., Pyshnyi, D., Campos, L., Malinina, L. J.Biomol.Struct.Dyn. 15 151-163 (1997)",9283988,,1998-07-15
ADH0102,368D,STRUCTURAL VARIABILITY OF A-DNA IN CRYSTALS OF THE OCTAMER D(PCPCPCPGPCPGPGPG),"STRUCTURAL VARIABILITY OF A-DNA IN CRYSTALS OF THE OCTAMER D(PCPCPCPGPCPGPGPG) Fernandez, L.G., Subirana, J.A., Verdaguer, N., Pyshnyi, D., Campos, L., Malinina, L. J.Biomol.Struct.Dyn. 15 151-163 (1997)",9283988,,1998-07-15
ADH0106,372D,STRUCTURAL VARIABILITY OF A-DNA IN CRYSTALS OF THE OCTAMER D(PCPCPCPGPCPGPGPG),"STRUCTURAL VARIABILITY OF A-DNA IN CRYSTALS OF THE OCTAMER D(PCPCPCPGPCPGPGPG) Fernandez, L.G., Subirana, J.A., Verdaguer, N., Pyshnyi, D., Campos, L., Malinina, L. J.Biomol.Struct.Dyn. 15 151-163 (1997)",9283988,,1998-07-15
AD0001,401D,STRUCTURE OF A DNA IN LOW SALT CONDITIONS D(GACCGCGGTC),"STRUCTURE OF A DNA IN LOW SALT CONDITIONS D(GACCGCGGTC) Finley, J.B., Luo, M. Nucleic Acids Res. 26 5719-5727 (1998)",9838004,10.1093/nar/26.24.5719,1998-07-06
ADJ0112,395D,CRYSTAL STRUCTURES OF TWO ISOMORPHOUS A-DNA DECAMERS D(GTACGCGTAC) AND D(GGCCGCGGCC),"CRYSTAL STRUCTURES OF TWO ISOMORPHOUS A-DNA DECAMERS D(GTACGCGTAC) AND D(GGCCGCGGCC) Ban, C., Ramakrishnan, B., Sundaralingam, M. To be Published",,,1998-05-01
ADJ0113,396D,CRYSTAL STRUCTURES OF TWO ISOMOPHOUS A-DNA DECAMERS D(GTACGCGTAC) AND D(GGCCGCGGCC),"CRYSTAL STRUCTURES OF TWO ISOMOPHOUS A-DNA DECAMERS D(GTACGCGTAC) AND D(GGCCGCGGCC) Ban, C., Ramakrishnan, B., Sundaralingam, M. To be Published",,,1998-05-01
ADJB110,383D,Hydration and recognition of methylated CPG steps in DNA,"Hydration and recognition of methylated CPG steps in DNA Mayer-Jung, C., Moras, D., Timsit, Y. Embo J. 17 (1998)",9564052,10.1093/emboj/17.9.2709,1998-04-08
ADJB111,384D,HYDRATION AND RECOGNITION OF METHYLATED CPG STEPS IN DNA,"HYDRATION AND RECOGNITION OF METHYLATED CPG STEPS IN DNA Mayer-Jung, C., Moras, D., Timsit, Y. Embo J. 17 2709-2718 (1998)",9564052,10.1093/emboj/17.9.2709,1998-03-10
ADLS105,363D,High-resolution crystal structure of a fully modified N3'-> P5' phosphoramidate DNA dodecamer duplex,"High-resolution crystal structure of a fully modified N3'-> P5' phosphoramidate DNA dodecamer duplex Tereshko, V., Gryaznov, S., Egli, M. J.Am.Chem.Soc. 120 269-283 (1998)",-1,,1997-12-15
ADJ0102,348D,X-RAY CRYSTAL STRUCTURES OF THE DECAMER DGACCGCGGTC: LOW SALT CONCENTRATION,"X-RAY CRYSTAL STRUCTURES OF THE DECAMER DGACCGCGGTC: LOW SALT CONCENTRATION Finley, J.B., Luo, M. Nucleic Acids Res. 26 5719-5727 (1998)",9838004,10.1093/nar/26.24.5719,1997-10-09
ADJ0103,349D,X-RAY CRYSTAL STRUCTURES OF THE DECAMER DGACCGCGGTC: HIGH SALT CONCENTRATION,"X-RAY CRYSTAL STRUCTURES OF THE DECAMER DGACCGCGGTC: HIGH SALT CONCENTRATION Finley, J.B., Luo, M. Nucleic Acids Res. 26 5719-5727 (1998)",9838004,10.1093/nar/26.24.5719,1997-10-09
ADHB99,344D,DETERMINATION BY MAD-DM OF THE STRUCTURE OF THE DNA DUPLEX D(ACGTACG(5-BRU))2 AT 1.46A AND 100K,"DETERMINATION BY MAD-DM OF THE STRUCTURE OF THE DNA DUPLEX D(ACGTACG(5-BRU))2 AT 1.46A AND 100K Todd, A.K., Adams, A., Powell, H.R., Wilcock, D.J., Thorpe, J.H., Lausi, A., Zanini, F., Wakelin, L.P., Cardin, C.J. Acta Crystallogr.,Sect.D 55 729-735 (1999)",10089302,10.1107/S090744499801261X,1997-09-26
ADHB100,345D,STRUCTURAL PARAMETERS FROM SINGLE-CRYSTAL STRUCTURES FOR ACCURATE MODELS OF A-DNA,"STRUCTURAL PARAMETERS FROM SINGLE-CRYSTAL STRUCTURES FOR ACCURATE MODELS OF A-DNA Mooers, B.H.M., Eichman, B.F., Ho, P.S. To be Published",,,1997-08-29
ADHB101,346D,STRUCTURAL PARAMETERS FROM SINGLE-CRYSTAL STRUCTURES FOR ACCURATE MODELS OF A-DNA,"STRUCTURAL PARAMETERS FROM SINGLE-CRYSTAL STRUCTURES FOR ACCURATE MODELS OF A-DNA Mooers, B.H.M., Eichman, B.F., Ho, P.S. To be Published",,,1997-08-29
ADHB94,340D,STRUCTURAL PARAMETERS FROM SINGLE-CRYSTAL STRUCTURES FOR ACCURATE MODELS OF A-DNA,"STRUCTURAL PARAMETERS FROM SINGLE-CRYSTAL STRUCTURES FOR ACCURATE MODELS OF A-DNA Mooers, B.H.M., Eichman, B.F., Ho, P.S. To be Published",,,1997-07-21
ADHB91,337D,STRUCTURAL PARAMETERS FROM SINGLE-CRYSTAL STRUCTURES FOR ACCURATE MODELS OF A-DNA,"STRUCTURAL PARAMETERS FROM SINGLE-CRYSTAL STRUCTURES FOR ACCURATE MODELS OF A-DNA Mooers, B.H.M., Eichman, B.F., Ho, P.S. To be Published",,,1997-07-21
ADHB95,341D,STRUCTURAL PARAMETERS FROM SINGLE-CRYSTAL STRUCTURES FOR ACCURATE MODELS OF A-DNA,"STRUCTURAL PARAMETERS FROM SINGLE-CRYSTAL STRUCTURES FOR ACCURATE MODELS OF A-DNA Mooers, B.H.M., Eichman, B.F., Ho, P.S. To be Published",,,1997-07-21
ADHB92,338D,STRUCTURAL PARAMETERS FROM SINGLE-CRYSTAL STRUCTURES FOR ACCURATE MODELS OF A-DNA,"STRUCTURAL PARAMETERS FROM SINGLE-CRYSTAL STRUCTURES FOR ACCURATE MODELS OF A-DNA Mooers, B.H.M., Eichman, B.F., Ho, P.S. To be Published",,,1997-07-21
ADHB96,342D,STRUCTURAL PARAMETERS FROM SINGLE-CRYSTAL STRUCTURES FOR ACCURATE MODELS OF A-DNA,"STRUCTURAL PARAMETERS FROM SINGLE-CRYSTAL STRUCTURES FOR ACCURATE MODELS OF A-DNA Mooers, B.H.M., Eichman, B.F., Ho, P.S. To be Published",,,1997-07-21
ADHB93,339D,STRUCTURAL PARAMETERS FROM SINGLE-CRYSTAL STRUCTURES FOR ACCURATE MODELS OF A-DNA,"STRUCTURAL PARAMETERS FROM SINGLE-CRYSTAL STRUCTURES FOR ACCURATE MODELS OF A-DNA Mooers, B.H.M., Eichman, B.F., Ho, P.S. To be Published",,,1997-07-21
ADFB97,343D,STRUCTURAL PARAMETERS FROM SINGLE-CRYSTAL STRUCTURES FOR ACCURATE MODELS OF A-DNA,"STRUCTURAL PARAMETERS FROM SINGLE-CRYSTAL STRUCTURES FOR ACCURATE MODELS OF A-DNA Mooers, B.H.M., Eichman, B.F., Ho, P.S. To be Published",,,1997-07-21
ADJB85,324D,CRYSTAL STRUCTURES OF D(CCGGGCCM5CGG)-ORTHOGONAL FORM,"CRYSTAL STRUCTURES OF D(CCGGGCCM5CGG)-ORTHOGONAL FORM Tippin, D.B., Sundaralingam, M. J.Mol.Biol. 267 1171-1185 (1997)",9150405,10.1006/jmbi.1997.0945,1997-05-22
ADH078,317D,STRUCTURE OF D(CCTAGGG): COMPARISON WITH NINE ISOMORPHOUS OCTAMER SEQUENCES REVEALS FOUR DISTINCT PATTERNS OF SEQUENCE-DEPENDENT INTERMOLECULAR INTERACTIONS,"STRUCTURE OF D(CCTAGGG): COMPARISON WITH NINE ISOMORPHOUS OCTAMER SEQUENCES REVEALS FOUR DISTINCT PATTERNS OF SEQUENCE-DEPENDENT INTERMOLECULAR INTERACTIONS Tippin, D.B., Sundaralingam, M. Acta Crystallogr.,Sect.D 52 997-1003 (1996)",15299609,10.1107/S0907444996005033,1997-05-22
ADJ082,321D,CRYSTAL STRUCTURES OF D(CCGGGCCCGG)-ORTHOGONAL FORM,"CRYSTAL STRUCTURES OF D(CCGGGCCCGG)-ORTHOGONAL FORM Tippin, D.B., Sundaralingam, M. J.Mol.Biol. 267 1171-1185 (1997)",9150405,10.1006/jmbi.1997.0945,1997-05-22
ADJB86,325D,CRYSTAL STRUCTURES OF D(CM5CGGGCCM5CGG)-HEXAGONAL FORM,"CRYSTAL STRUCTURES OF D(CM5CGGGCCM5CGG)-HEXAGONAL FORM Tippin, D.B., Sundaralingam, M. J.Mol.Biol. 267 1171-1185 (1997)",9150405,10.1006/jmbi.1997.0945,1997-05-22
ADJB79,318D,CRYSTAL STRUCTURES OF D(CCGGGCC(BR)5CGG)-HEXAGONAL FORM,"CRYSTAL STRUCTURES OF D(CCGGGCC(BR)5CGG)-HEXAGONAL FORM Tippin, D.B., Sundaralingam, M. J.Mol.Biol. 267 1171-1185 (1997)",9150405,10.1006/jmbi.1997.0945,1997-05-22
ADJB83,322D,CRYSTAL STRUCTURES OF D(CCGGGCCM5CGG)-HEXAGONAL FORM,"CRYSTAL STRUCTURES OF D(CCGGGCCM5CGG)-HEXAGONAL FORM Tippin, D.B., Sundaralingam, M. J.Mol.Biol. 267 1171-1185 (1997)",9150405,10.1006/jmbi.1997.0945,1997-05-22
ADJB87,326D,CRYSTAL STRUCTURES OF D(CM5CGGGCCM5CGG)-ORTHOGONAL FORM,"CRYSTAL STRUCTURES OF D(CM5CGGGCCM5CGG)-ORTHOGONAL FORM Tippin, D.B., Sundaralingam, M. J.Mol.Biol. 267 1171-1185 (1997)",9150405,10.1006/jmbi.1997.0945,1997-05-22
ADJB80,319D,CRYSTAL STRUCTURES OF D(CCGGG(BR)5CCCGG)-ORTHOGONAL FORM,"CRYSTAL STRUCTURES OF D(CCGGG(BR)5CCCGG)-ORTHOGONAL FORM Tippin, D.B., Sundaralingam, M. J.Mol.Biol. 267 1171-1185 (1997)",9150405,10.1006/jmbi.1997.0945,1997-05-22
ADJB84,323D,CRYSTAL STRUCTURES OF D(CCGGGCCM5CGG)-ORTHOGONAL FORM,"CRYSTAL STRUCTURES OF D(CCGGGCCM5CGG)-ORTHOGONAL FORM Tippin, D.B., Sundaralingam, M. J.Mol.Biol. 267 1171-1185 (1997)",9150405,10.1006/jmbi.1997.0945,1997-05-22
ADJB88,327D,CRYSTAL STRUCTURES OF D(GM5CGM5CGCGCGC),"CRYSTAL STRUCTURES OF D(GM5CGM5CGCGCGC) Tippin, D.B., Ramakrishnan, B., Sundaralingam, M. J.Mol.Biol. 270 247-258 (1997)",9236126,10.1006/jmbi.1997.1102,1997-05-22
ADJ081,320D,CRYSTAL STRUCTURES OF D(CCGGGCCCGG)-ORTHOGONAL FORM,"CRYSTAL STRUCTURES OF D(CCGGGCCCGG)-ORTHOGONAL FORM Tippin, D.B., Sundaralingam, M. J.Mol.Biol. 267 1171-1185 (1997)",9150405,10.1006/jmbi.1997.0945,1997-05-22
ADH033,295D,CRYSTAL AND SOLUTION STRUCTURES OF THE OLIGONUCLEOTIDE D(ATGCGCAT)2: A COMBINED X-RAY AND NMR STUDY,"CRYSTAL AND SOLUTION STRUCTURES OF THE OLIGONUCLEOTIDE D(ATGCGCAT)2: A COMBINED X-RAY AND NMR STUDY Clark, G.R., Brown, D.G., Sanderson, M.R., Chwalinski, T., Neidle, S., Veal, J.M., Jones, R.L., Wilson, W.D., Zon, G., Garman, E., Stuart, D.I. Nucleic Acids Res. 18 5521-5528 (1990)",2216724,10.1093/nar/18.18.5521,1996-12-04
ADH076,281D,CRYSTAL STRUCTURE OF THE A-DNA OCTAMER D(GGCATGCC),"CRYSTAL STRUCTURE OF THE A-DNA OCTAMER D(GGCATGCC) Nunn, C.M., Neidle, S. Acta Crystallogr.,Sect.D 53 269-273 (1997)",15299929,10.1107/S0907444996014795,1996-09-16
ADJ075,260D,CRYSTAL STRUCTURE OF THE SELF-COMPLEMENTARY 5'-PURINE START DECAMER D(GCACGCGTGC) IN THE A-DNA CONFORMATION-PART II,"CRYSTAL STRUCTURE OF THE SELF-COMPLEMENTARY 5'-PURINE START DECAMER D(GCACGCGTGC) IN THE A-DNA CONFORMATION-PART II Ban, C., Sundaralingam, M. Biophys.J. 71 1222-1227 (1996)",8873996,,1996-06-27
ADJ069,240D,EFFECT OF END BASE STEPS ON DNA FORM: CRYSTAL STRUCTURE OF THE A-DNA DECAMER D(CCGGGCCCGG),"EFFECT OF END BASE STEPS ON DNA FORM: CRYSTAL STRUCTURE OF THE A-DNA DECAMER D(CCGGGCCCGG) Champion, D., Kumar, C.S., Ramakrishnan, B., Gautham, N., Viswamitra, M.A. To be Published",,,1996-06-20
ADF073,257D,ALTERNATING AND NON-ALTERNATING DG-DC HEXANUCLEOTIDES CRYSTALLIZE AS CANONICAL A-DNA,"ALTERNATING AND NON-ALTERNATING DG-DC HEXANUCLEOTIDES CRYSTALLIZE AS CANONICAL A-DNA Mooers, B.H., Schroth, G.P., Baxter, W.W., Ho, P.S. J.Mol.Biol. 249 772-784 (1995)",7602589,10.1006/jmbi.1995.0336,1996-04-15
ADFB62,254D,ALTERNATING AND NON-ALTERNATING DG-DC HEXANUCLEOTIDES CRYSTALLIZE AS CANONICAL A-DNA,"ALTERNATING AND NON-ALTERNATING DG-DC HEXANUCLEOTIDES CRYSTALLIZE AS CANONICAL A-DNA Mooers, B.H., Schroth, G.P., Baxter, W.W., Ho, P.S. J.Mol.Biol. 249 772-784 (1995)",7602589,10.1006/jmbi.1995.0336,1996-04-15
ADFB63,275D,ALTERNATING AND NON-ALTERNATING DG-DC HEXANUCLEOTIDES CRYSTALLIZE AS CANONICAL A-DNA,"ALTERNATING AND NON-ALTERNATING DG-DC HEXANUCLEOTIDES CRYSTALLIZE AS CANONICAL A-DNA Mooers, B.H., Schroth, G.P., Baxter, W.W., Ho, P.S. J.Mol.Biol. 249 772-784 (1995)",7602589,10.1006/jmbi.1995.0336,1996-04-15
ADFB72,256D,ALTERNATING AND NON-ALTERNATING DG-DC HEXANUCLEOTIDES CRYSTALLIZE AS CANONICAL A-DNA,"ALTERNATING AND NON-ALTERNATING DG-DC HEXANUCLEOTIDES CRYSTALLIZE AS CANONICAL A-DNA Mooers, B.H., Schroth, G.P., Baxter, W.W., Ho, P.S. J.Mol.Biol. 249 772-784 (1995)",7602589,10.1006/jmbi.1995.0336,1996-04-15
UDJ032,232D,THE HIGH RESOLUTION CRYSTAL STRUCTURE OF THE DNA DECAMER D(AGGCATGCCT),"THE HIGH RESOLUTION CRYSTAL STRUCTURE OF THE DNA DECAMER D(AGGCATGCCT) Nunn, C.M., Neidle, S. J.Mol.Biol. 256 340-351 (1996)",8594201,10.1006/jmbi.1996.0090,1996-03-22
ADH070,243D,STRUCTURE OF THE DNA OCTANUCLEOTIDE D(ACGTACGT)2,"STRUCTURE OF THE DNA OCTANUCLEOTIDE D(ACGTACGT)2 Wilcock, D.J., Adams, A., Cardin, C.J., Wakelin, L.P. Acta Crystallogr.,Sect.D 52 481-485 (1996)",15299669,10.1107/S0907444995016052,1996-02-26
ADJ067,221D,INFLUENCE OF COUNTER-IONS ON THE CRYSTAL STRUCTURES OF DNA DECAMERS: BINDING OF [CO(NH3)6]3+ AND BA2+ TO A-DNA,"INFLUENCE OF COUNTER-IONS ON THE CRYSTAL STRUCTURES OF DNA DECAMERS: BINDING OF [CO(NH3)6]3+ AND BA2+ TO A-DNA Gao, Y.G., Robinson, H., van Boom, J.H., Wang, A.H. Biophys.J. 69 559-568 (1995)",8527670,,1996-01-31
ADJ065,212D,INFLUENCE OF COUNTER-IONS ON THE CRYSTAL STRUCTURES OF DNA DECAMERS: BINDING OF [CO(NH3)6]3+ AND BA2+ TO A-DNA,"INFLUENCE OF COUNTER-IONS ON THE CRYSTAL STRUCTURES OF DNA DECAMERS: BINDING OF [CO(NH3)6]3+ AND BA2+ TO A-DNA Gao, Y.G., Robinson, H., van Boom, J.H., Wang, A.H. Biophys.J. 69 559-568 (1995)",8527670,,1996-01-31
ADJB61,213D,CRYSTAL STRUCTURE OF THE A-DNA DECAMER D(CCIGGCCM5CGG) AT 1.6 ANGSTROMS SHOWING THE UNEXPECTED WOBBLE I.M5C BASE PAIR,"CRYSTAL STRUCTURE OF THE A-DNA DECAMER D(CCIGGCCM5CGG) AT 1.6 ANGSTROMS SHOWING THE UNEXPECTED WOBBLE I.M5C BASE PAIR Ramakrishnan, B., Sundaralingam, M. Biophys.J. 69 553-558 (1995)",8527669,,1996-01-31
ADJ066,220D,INFLUENCE OF COUNTER-IONS ON THE CRYSTAL STRUCTURES OF DNA DECAMERS: BINDING OF [CO(NH3)6]3+ AND BA2+ TO A-DNA,"INFLUENCE OF COUNTER-IONS ON THE CRYSTAL STRUCTURES OF DNA DECAMERS: BINDING OF [CO(NH3)6]3+ AND BA2+ TO A-DNA Gao, Y.G., Robinson, H., van Boom, J.H., Wang, A.H. Biophys.J. 69 559-568 (1995)",8527670,,1996-01-31
UDJB44,238D,CRYSTAL STRUCTURE OF THE DNA DECAMER D(AGG(BR)CATGCCT): COMPARISON WITH D(AGGCATGCCT) AND IMPLICATIONS FOR COBALT HEXAMMINE BINDING TO DNA,"CRYSTAL STRUCTURE OF THE DNA DECAMER D(AGG(BR)CATGCCT): COMPARISON WITH D(AGGCATGCCT) AND IMPLICATIONS FOR COBALT HEXAMMINE BINDING TO DNA Nunn, C.M. J.Biomol.Struct.Dyn. 14 49-56 (1996)",8877561,,1996-01-30
207D,207D,SOLUTION STRUCTURE OF MITHRAMYCIN DIMERS BOUND TO PARTIALLY OVERLAPPING SITES ON DNA,"SOLUTION STRUCTURE OF MITHRAMYCIN DIMERS BOUND TO PARTIALLY OVERLAPPING SITES ON DNA Sastry, M., Fiala, R., Patel, D.J. J.Mol.Biol. 251 674-689 (1995)",7666419,10.1006/jmbi.1995.0464,1995-09-15
1HRY,1HRY,THE 3D STRUCTURE OF THE HUMAN SRY-DNA COMPLEX SOLVED BY MULTID-DIMENSIONAL HETERONUCLEAR-EDITED AND-FILTERED NMR,"THE 3D STRUCTURE OF THE HUMAN SRY-DNA COMPLEX SOLVED BY MULTID-DIMENSIONAL HETERONUCLEAR-EDITED AND-FILTERED NMR Werner, M.H., Huth, J.R., Gronenborn, A.M., Clore, G.M. Cell(Cambridge,Mass.) 81 704-705 (1995)",7774012,10.1016/0092-8674(95)90532-4,1995-09-15
146D,146D,SOLUTION STRUCTURE OF THE MITHRAMYCIN DIMER-DNA COMPLEX,"SOLUTION STRUCTURE OF THE MITHRAMYCIN DIMER-DNA COMPLEX Sastry, M., Patel, D.J. Biochemistry 32 6588-6604 (1993)",8329387,10.1021/bi00077a012,1995-03-31
ADH057,188D,HYDRATION PATTERNS AND INTERMOLECULAR INTERACTIONS IN A-DNA CRYSTAL STRUCTURES. IMPLICATIONS FOR DNA RECOGNITION,"HYDRATION PATTERNS AND INTERMOLECULAR INTERACTIONS IN A-DNA CRYSTAL STRUCTURES. IMPLICATIONS FOR DNA RECOGNITION Eisenstein, M., Shakked, Z. J.Mol.Biol. 248 662-678 (1995)",7752232,10.1006/jmbi.1995.0250,1995-02-07
ADH058,189D,HYDRATION PATTERNS AND INTERMOLECULAR INTERACTIONS IN A-DNA CRYSTAL STRUCTURES. IMPLICATIONS FOR DNA RECOGNITION,"HYDRATION PATTERNS AND INTERMOLECULAR INTERACTIONS IN A-DNA CRYSTAL STRUCTURES. IMPLICATIONS FOR DNA RECOGNITION Eisenstein, M., Shakked, Z. J.Mol.Biol. 248 662-678 (1995)",7752232,10.1006/jmbi.1995.0250,1995-02-07
ADH059,197D,ORTHORHOMBIC CRYSTAL STRUCTURE OF THE A-DNA OCTAMER D(GTACGTAC). COMPARISON WITH THE TETRAGONAL STRUCTURE,"ORTHORHOMBIC CRYSTAL STRUCTURE OF THE A-DNA OCTAMER D(GTACGTAC). COMPARISON WITH THE TETRAGONAL STRUCTURE Langlois d'Estaintot, B., Dautant, A., Courseille, C., Precigoux, G. Eur.J.Biochem. 213 673-682 (1993)",8477741,10.1111/j.1432-1033.1993.tb17807.x,1995-02-07
ADH056,187D,HYDRATION PATTERNS AND INTERMOLECULAR INTERACTIONS IN A-DNA CRYSTAL STRUCTURES. IMPLICATIONS FOR DNA RECOGNITION,"HYDRATION PATTERNS AND INTERMOLECULAR INTERACTIONS IN A-DNA CRYSTAL STRUCTURES. IMPLICATIONS FOR DNA RECOGNITION Eisenstein, M., Shakked, Z. J.Mol.Biol. 248 662-678 (1995)",7752232,10.1006/jmbi.1995.0250,1995-02-07
199D,199D,Solution structure of the monoalkylated mitomycin c-DNA complex,"Solution structure of the monoalkylated mitomycin c-DNA complex Sastry, M., Fiala, R., Lipman, R., Tomasz, M., Patel, D.J. J.Mol.Biol. 247 338-359 (1995)",7707379,10.1006/jmbi.1994.0143,1995-02-07
ADH054,172D,"MULTIPLE BINDING MODES OF ANTICANCER DRUG ACTINOMYCIN D: X-RAY, MOLECULAR MODELING, AND SPECTROSCOPIC STUDIES OF D(GAAGCTTC)2-ACTINOMYCIN D COMPLEXES AND ITS HOST DNA","MULTIPLE BINDING MODES OF ANTICANCER DRUG ACTINOMYCIN D: X-RAY, MOLECULAR MODELING, AND SPECTROSCOPIC STUDIES OF D(GAAGCTTC)2-ACTINOMYCIN D COMPLEXES AND ITS HOST DNA Kamitori, S., Takusagawa, F. J.Am.Chem.Soc. 116 4154-4165 (1994)",-1,,1994-10-15
ADJ049,160D,HIGH RESOLUTION CRYSTAL STRUCTURE OF THE A-DNA DECAMER D(CCCGGCCGGG): NOVEL INTERMOLECULAR BASE-PAIRED G*(G.C) TRIPLETS,"HIGH RESOLUTION CRYSTAL STRUCTURE OF THE A-DNA DECAMER D(CCCGGCCGGG): NOVEL INTERMOLECULAR BASE-PAIRED G*(G.C) TRIPLETS Ramakrishnan, B., Sundaralingam, M. J.Mol.Biol. 231 431-444 (1993)",8510155,10.1006/jmbi.1993.1292,1994-05-18
140D,140D,SOLUTION STRUCTURE OF A CONSERVED DNA SEQUENCE FROM THE HIV-1 GENOME: RESTRAINED MOLECULAR DYNAMICS SIMULATION WITH DISTANCE AND TORSION ANGLE RESTRAINTS DERIVED FROM TWO-DIMENSIONAL NMR SPECTRA,"SOLUTION STRUCTURE OF A CONSERVED DNA SEQUENCE FROM THE HIV-1 GENOME: RESTRAINED MOLECULAR DYNAMICS SIMULATION WITH DISTANCE AND TORSION ANGLE RESTRAINTS DERIVED FROM TWO-DIMENSIONAL NMR SPECTRA Mujeeb, A., Kerwin, S.M., Kenyon, G.L., James, T.L. Biochemistry 32 13419-13431 (1993)",8257678,10.1021/bi00212a007,1994-04-30
142D,142D,SOLUTION STRUCTURE OF A CONSERVED DNA SEQUENCE FROM THE HIV-1 GENOME: RESTRAINED MOLECULAR DYNAMICS SIMULATION WITH DISTANCE AND TORSION ANGLE RESTRAINTS DERIVED FROM TWO-DIMENSIONAL NMR SPECTRA,"SOLUTION STRUCTURE OF A CONSERVED DNA SEQUENCE FROM THE HIV-1 GENOME: RESTRAINED MOLECULAR DYNAMICS SIMULATION WITH DISTANCE AND TORSION ANGLE RESTRAINTS DERIVED FROM TWO-DIMENSIONAL NMR SPECTRA Mujeeb, A., Kerwin, S.M., Kenyon, G.L., James, T.L. Biochemistry 32 13419-13431 (1993)",8257678,10.1021/bi00212a007,1994-04-30
ADJ051,138D,A-DNA DECAMER D(GCGGGCCCGC)-HEXAGONAL CRYSTAL FORM,"A-DNA DECAMER D(GCGGGCCCGC)-HEXAGONAL CRYSTAL FORM Ramakrishnan, B., Sundaralingam, M. Biochemistry 32 11458-11468 (1993)",8218212,10.1021/bi00093a025,1994-01-15
ADH026,2D94,THE CONFORMATION OF THE DNA DOUBLE HELIX IN THE CRYSTAL IS DEPENDENT ON ITS ENVIRONMENT,"THE CONFORMATION OF THE DNA DOUBLE HELIX IN THE CRYSTAL IS DEPENDENT ON ITS ENVIRONMENT Shakked, Z., Guerstein-Guzikevich, G., Eisenstein, M., Frolow, F., Rabinovich, D. Nature 342 456-460 (1989)",2586615,10.1038/342456a0,1994-01-15
ADH027,2D95,LOW-TEMPERATURE STUDY OF THE A-DNA FRAGMENT D(GGGCGCCC),"LOW-TEMPERATURE STUDY OF THE A-DNA FRAGMENT D(GGGCGCCC) Eisenstein, M., Hope, H., Haran, T.E., Frolow, F., Shakked, Z., Rabinovich, D. ACTA CRYSTALLOGR.,SECT.B 44 625-628 (1988)",3271557,10.1107/S0108768188004732,1994-01-15
ADJ050,137D,A-DNA DECAMER D(GCGGGCCCGC)-ORTHORHOMBIC CRYSTAL FORM,"A-DNA DECAMER D(GCGGGCCCGC)-ORTHORHOMBIC CRYSTAL FORM Ramakrishnan, B., Sundaralingam, M. Biochemistry 32 11458-11468 (1993)",8218212,10.1021/bi00093a025,1994-01-15
1GAT,1GAT,SOLUTION STRUCTURE OF THE SPECIFIC DNA COMPLEX OF THE ZINC CONTAINING DNA BINDING DOMAIN OF THE ERYTHROID TRANSCRIPTION FACTOR GATA-1 BY MULTIDIMENSIONAL NMR,"SOLUTION STRUCTURE OF THE SPECIFIC DNA COMPLEX OF THE ZINC CONTAINING DNA BINDING DOMAIN OF THE ERYTHROID TRANSCRIPTION FACTOR GATA-1 BY MULTIDIMENSIONAL NMR Omichinski, J.G., Clore, G.M., Schaad, O., Felsenfeld, G., Trainor, C., Appella, E., Stahl, S.J., Gronenborn, A.M. Science 261 438-446 (1993)",8332909,10.1021/bi00131a004,1993-10-31
1GAU,1GAU,SOLUTION STRUCTURE OF THE SPECIFIC DNA COMPLEX OF THE ZINC CONTAINING DNA BINDING DOMAIN OF THE ERYTHROID TRANSCRIPTION FACTOR GATA-1 BY MULTIDIMENSIONAL NMR,"SOLUTION STRUCTURE OF THE SPECIFIC DNA COMPLEX OF THE ZINC CONTAINING DNA BINDING DOMAIN OF THE ERYTHROID TRANSCRIPTION FACTOR GATA-1 BY MULTIDIMENSIONAL NMR Omichinski, J.G., Clore, G.M., Schaad, O., Felsenfeld, G., Trainor, C., Appella, E., Stahl, S.J., Gronenborn, A.M. Science 261 438-446 (1993)",8332909,10.1021/bi00131a004,1993-10-31
ADH020,1D93,STRUCTURAL VARIATION IN D(CTCTAGAG). IMPLICATIONS FOR PROTEIN-DNA INTERACTIONS,"STRUCTURAL VARIATION IN D(CTCTAGAG). IMPLICATIONS FOR PROTEIN-DNA INTERACTIONS Hunter, W.N., D'Estaintot, B.L., Kennard, O. Biochemistry 28 2444-2451 (1989)",2730875,10.1021/bi00432a015,1993-07-15
ADHB17,1D90,REFINED CRYSTAL STRUCTURE OF AN OCTANUCLEOTIDE DUPLEX WITH I.T MISMATCHED BASE PAIRS,"REFINED CRYSTAL STRUCTURE OF AN OCTANUCLEOTIDE DUPLEX WITH I.T MISMATCHED BASE PAIRS Cruse, W.B., Aymani, J., Kennard, O., Brown, T., Jack, A.G., Leonard, G.A. Nucleic Acids Res. 17 55-72 (1989)",2911488,10.1093/nar/17.1.55,1993-07-15
ADH018,1D91,G.T BASE PAIRS IN A DNA HELIX. THE CRYSTAL STRUCTURE OF D(G-G-G-G-T-C-C-C),"G.T BASE PAIRS IN A DNA HELIX. THE CRYSTAL STRUCTURE OF D(G-G-G-G-T-C-C-C) Kneale, G., Brown, T., Kennard, O., Rabinovich, D. J.Mol.Biol. 186 805-814 (1985)",4093986,10.1016/0022-2836(85)90398-5,1993-07-15
ADHB11,115D,ORDERED WATER STRUCTURE IN AN A-DNA OCTAMER AT 1.7 ANGSTROMS RESOLUTION,"ORDERED WATER STRUCTURE IN AN A-DNA OCTAMER AT 1.7 ANGSTROMS RESOLUTION Kennard, O., Cruse, W.B., Nachman, J., Prange, T., Shakked, Z., Rabinovich, D. J.Biomol.Struct.Dyn. 3 623-647 (1986)",3271041,,1993-07-15
ADH019,1D92,REFINED CRYSTAL STRUCTURE OF AN OCTANUCLEOTIDE DUPLEX WITH G.T MISMATCHED BASE-PAIRS,"REFINED CRYSTAL STRUCTURE OF AN OCTANUCLEOTIDE DUPLEX WITH G.T MISMATCHED BASE-PAIRS Hunter, W.N., Kneale, G., Brown, T., Rabinovich, D., Kennard, O. J.Mol.Biol. 190 605-618 (1986)",3783714,10.1016/0022-2836(86)90246-9,1993-07-15
ADL045,116D,CRYSTAL AND MOLECULAR STRUCTURE OF THE A-DNA DODECAMER D(CCGTACGTACGG): CHOICE OF FRAGMENT HELICAL AXIS,"CRYSTAL AND MOLECULAR STRUCTURE OF THE A-DNA DODECAMER D(CCGTACGTACGG): CHOICE OF FRAGMENT HELICAL AXIS Bingman, C.A., Zon, G., Sundaralingam, M. J.Mol.Biol. 227 738-756 (1992)",1404387,10.1016/0022-2836(92)90221-5,1993-04-15
1D68,1D68,SOLUTION STRUCTURE OF [D(GCGTATACGC)]2,"SOLUTION STRUCTURE OF [D(GCGTATACGC)]2 Cheng, J.W., Chou, S.H., Salazar, M., Reid, B.R. J.Mol.Biol. 228 118-137 (1992)",1447776,10.1016/0022-2836(92)90496-7,1993-04-15
ADL046,117D,CRYSTAL AND MOLECULAR STRUCTURE OF THE ALTERNATING DODECAMER D(GCGTACGTACGC) IN THE A-DNA FORM: COMPARISON WITH THE ISOMORPHOUS NON-ALTERNATING DODECAMER D(CCGTACGTACGG),"CRYSTAL AND MOLECULAR STRUCTURE OF THE ALTERNATING DODECAMER D(GCGTACGTACGC) IN THE A-DNA FORM: COMPARISON WITH THE ISOMORPHOUS NON-ALTERNATING DODECAMER D(CCGTACGTACGG) Bingman, C., Jain, S., Zon, G., Sundaralingam, M. Nucleic Acids Res. 20 6637-6647 (1992)",1480485,10.1093/nar/20.24.6637,1993-04-15
ADH038,1D78,HIGH RESOLUTION REFINEMENT OF THE HEXAGONAL A-DNA OCTAMER D(GTGTACAC) AT 1.4 ANGSTROMS RESOLUTION,"HIGH RESOLUTION REFINEMENT OF THE HEXAGONAL A-DNA OCTAMER D(GTGTACAC) AT 1.4 ANGSTROMS RESOLUTION Thota, N., Li, X.H., Bingman, C., Sundaralingam, M. Acta Crystallogr.,Sect.D 49 282-291 (1993)",15299533,10.1107/S0907444992007522,1993-04-15
ADH039,1D79,HIGH RESOLUTION REFINEMENT OF THE HEXAGONAL A-DNA OCTAMER D(GTGTACAC) AT 1.4 ANGSTROMS RESOLUTION,"HIGH RESOLUTION REFINEMENT OF THE HEXAGONAL A-DNA OCTAMER D(GTGTACAC) AT 1.4 ANGSTROMS RESOLUTION Thota, N., Li, X.H., Bingman, C., Sundaralingam, M. Acta Crystallogr.,Sect.D 49 282-291 (1993)",15299533,10.1107/S0907444992007522,1993-04-15
ADH047,118D,CRYSTAL AND MOLECULAR STRUCTURE OF D(GTGCGCAC): INVESTIGATION OF THE EFFECTS OF BASE SEQUENCE ON THE CONFORMATION OF OCTAMER DUPLEXES,"CRYSTAL AND MOLECULAR STRUCTURE OF D(GTGCGCAC): INVESTIGATION OF THE EFFECTS OF BASE SEQUENCE ON THE CONFORMATION OF OCTAMER DUPLEXES Bingman, C., Li, X., Zon, G., Sundaralingam, M. Biochemistry 31 12803-12812 (1992)",1463751,10.1021/bi00166a014,1993-02-11
ADH041,1D82,CRYSTAL AND MOLECULAR STRUCTURE OF D(GTCTAGAC),"CRYSTAL AND MOLECULAR STRUCTURE OF D(GTCTAGAC) Cervi, A., Langlois D'Estaintot, B., Hunter, W.N. Acta Crystallogr.,Sect.B 48 714-719 (1992)",-1,,1992-10-15
ADHP36,1D26,EFFECT OF A SINGLE 3'-METHYLENE PHOSPHONATE LINKAGE ON THE CONFORMATION OF AN A-DNA OCTAMER DOUBLE HELIX,"EFFECT OF A SINGLE 3'-METHYLENE PHOSPHONATE LINKAGE ON THE CONFORMATION OF AN A-DNA OCTAMER DOUBLE HELIX Heinemann, U., Rudolph, L.N., Alings, C., Morr, M., Heikens, W., Frank, R., Blocker, H. Nucleic Acids Res. 19 427-433 (1991)",2011517,10.1093/nar/19.3.427,1992-04-07
ADL025,2D47,MOLECULAR STRUCTURE OF A COMPLETE TURN OF A-DNA,"MOLECULAR STRUCTURE OF A COMPLETE TURN OF A-DNA Verdaguer, N., Aymami, J., Fernandez-Forner, D., Fita, I., Coll, M., Huynh-Dinh, T., Igolen, J., Subirana, J.A. J.Mol.Biol. 221 623-635 (1991)",1920437,10.1016/0022-2836(91)80077-8,1991-10-02
ADH023,28DN,CRYSTAL STRUCTURE ANALYSIS OF AN A(DNA) OCTAMER D(GTACGTAC),"CRYSTAL STRUCTURE ANALYSIS OF AN A(DNA) OCTAMER D(GTACGTAC) Courseille, C., Dautant, A., Hospital, M., Langlois D'Estaintot, B., Precigoux, G., Molko, D., Teoule, R. Acta Crystallogr.,Sect.A 46 Fc9-Fc12 (1990)",-1,,1991-07-15
ADJ022,1D13,MOLECULAR STRUCTURE OF AN A-DNA DECAMER D(ACCGGCCGGT),"MOLECULAR STRUCTURE OF AN A-DNA DECAMER D(ACCGGCCGGT) Frederick, C.A., Quigley, G.J., Teng, M.K., Coll, M., Van der Marel, G.A., Van Boom, J.H., Rich, A., Wang, A.H. Eur.J.Biochem. 181 295-307 (1989)",2714286,10.1111/j.1432-1033.1989.tb14724.x,1990-10-15
ADH024,5ANA,THE CRYSTAL STRUCTURE OF D(GTACGTAC) AT 2.25 ANGSTROMS RESOLUTION. ARE THE A-DNA'S ALWAYS UNWOUND APPROXIMATELY 10 DEGREES AT THE C-G STEPS,"THE CRYSTAL STRUCTURE OF D(GTACGTAC) AT 2.25 ANGSTROMS RESOLUTION. ARE THE A-DNA'S ALWAYS UNWOUND APPROXIMATELY 10 DEGREES AT THE C-G STEPS Takusagawa, F. J.Biomol.Struct.Dyn. 7 795-809 (1990)",2310515,,1990-04-15
ADH014,1DNS,BASE ONLY BINDING OF SPERMINE IN THE DEEP GROOVE OF THE A-DNA OCTAMER D(GTGTACAC),"BASE ONLY BINDING OF SPERMINE IN THE DEEP GROOVE OF THE A-DNA OCTAMER D(GTGTACAC) Jain, S., Zon, G., Sundaralingam, M. Biochemistry 28 2360-2364 (1989)",2730868,10.1021/bi00432a002,1990-04-15
ADH010,1VJ4,SEQUENCE-DEPENDENT CONFORMATION OF AN A-DNA DOUBLE HELIX: THE CRYSTAL STRUCTURE OF THE OCTAMER D(G-G-T-A-T-A-C-C),"SEQUENCE-DEPENDENT CONFORMATION OF AN A-DNA DOUBLE HELIX: THE CRYSTAL STRUCTURE OF THE OCTAMER D(G-G-T-A-T-A-C-C) Shakked, Z., Rabinovich, D., Kennard, O., Cruse, W.B., Salisbury, S.A., Viswamitra, M.A. J.Mol.Biol. 166 183-201 (1983)",6854642,10.1016/S0022-2836(83)80005-9,1989-01-11
ADH007,3ANA,THREE-DIMENSIONAL STRUCTURE OF D(GGGATCCC) IN THE CRYSTALLINE STATE,"THREE-DIMENSIONAL STRUCTURE OF D(GGGATCCC) IN THE CRYSTALLINE STATE Lauble, H., Frank, R., Blocker, H., Heinemann, U. Nucleic Acids Res. 16 7799-7816 (1988)",3166518,10.1093/nar/16.16.7799,1989-01-09
ADH008,9DNA,CRYSTAL STRUCTURE ANALYSIS OF AN A-DNA FRAGMENT AT 1.8 ANGSTROMS RESOLUTION. D(GCCCGGGC),"CRYSTAL STRUCTURE ANALYSIS OF AN A-DNA FRAGMENT AT 1.8 ANGSTROMS RESOLUTION. D(GCCCGGGC) Heinemann, U., Lauble, H., Frank, R., Blocker, H. Nucleic Acids Res. 15 9531-9550 (1987)",3684603,10.1093/nar/15.22.9531,1988-01-16
ADI009,1DN6,THE CRYSTAL STRUCTURE OF D(GGATGGGAG). AN ESSENTIAL PART OF THE BINDING SITE FOR TRANSCRIPTION FACTOR IIIA,"THE CRYSTAL STRUCTURE OF D(GGATGGGAG). AN ESSENTIAL PART OF THE BINDING SITE FOR TRANSCRIPTION FACTOR IIIA McCall, M., Brown, T., Hunter, W.N., Kennard, O. Nature 322 661-664 (1986)",3748146,10.1038/322661a0,1988-01-16
ADH006,2ANA,THE CRYSTAL STRUCTURE OF D(G-G-G-G-C-C-C-C). A MODEL FOR POLY(DG).POLY(DC),"THE CRYSTAL STRUCTURE OF D(G-G-G-G-C-C-C-C). A MODEL FOR POLY(DG).POLY(DC) McCall, M., Brown, T., Kennard, O. J.Mol.Biol. 183 385-396 (1985)",4020865,10.1016/0022-2836(85)90009-9,1985-08-05
ADDB01,1ANA,HELIX GEOMETRY AND HYDRATION IN AN A-DNA TETRAMER. IC-C-G-G,"HELIX GEOMETRY AND HYDRATION IN AN A-DNA TETRAMER. IC-C-G-G Conner, B.N., Yoon, C., Dickerson, J.L., Dickerson, R.E. J.Mol.Biol. 174 663-695 (1984)",6726797,10.1016/0022-2836(84)90089-5,1982-07-29
